[{"model": "quizzes.quiz", "pk": 1, "fields": {"question": "주식회사에서 회사의 이익을 주주들에게 나눠주는 것을 무엇이라고 합니까?", "answers": {"a": "배당금", "b": "이자", "c": "수수료"}, "correct": "a", "explanations": "배당금은 주식회사가 이익을 낸 경우, 그 이익을 주주들에게 나눠주는 금액을 의미합니다."}}, {"model": "quizzes.quiz", "pk": 2, "fields": {"question": "어떤 금융 상품은 원금 손실의 위험이 있지만 높은 수익을 얻을 수 있는데, 이를 일반적으로 무엇이라고 부릅니까?", "answers": {"a": "저위험 투자", "b": "고위험 투자", "c": "보장성 투자"}, "correct": "b", "explanations": "고위험 투자는 높은 수익 가능성이 있지만, 원금 손실의 위험도 큰 투자를 의미합니다."}}, {"model": "quizzes.quiz", "pk": 3, "fields": {"question": "개인이나 기업이 재정적 어려움에 처했을 때 법적으로 보호받으며 채무를 재조정하는 과정은 무엇입니까?", "answers": {"a": "대출", "b": "부도", "c": "파산"}, "correct": "c", "explanations": "파산은 재정적 어려움에 처한 개인이나 기업이 법적으로 보호를 받으며 채무를 재조정하는 과정입니다."}}, {"model": "quizzes.quiz", "pk": 4, "fields": {"question": "주식의 가격이 하락할 것이라 예상되는 시장은 무엇입니까?", "answers": {"a": "불 마켓", "b": "베어 마켓", "c": "스태그 마켓"}, "correct": "b", "explanations": "베어 마켓은 주식의 가격이 하락할 것이라 예상되는 시장을 의미합니다."}}, {"model": "quizzes.quiz", "pk": 5, "fields": {"question": "기업이 주식을 최초로 공개하여 일반 대중에게 판매하는 것을 무엇이라고 합니까?", "answers": {"a": "IPO", "b": "주식 분할", "c": "배당"}, "correct": "a", "explanations": "IPO(Initial Public Offering)는 기업이 주식을 최초로 공개하여 일반 대중에게 판매하는 것을 의미합니다."}}, {"model": "quizzes.quiz", "pk": 6, "fields": {"question": "주식 시장에서 주식 가격이 상승하는 시장을 무엇이라고 합니까?", "answers": {"a": "베어 마켓", "b": "불 마켓", "c": "스태그 마켓"}, "correct": "b", "explanations": "불 마켓은 주식 시장에서 주식 가격이 상승하는 시장을 의미합니다."}}, {"model": "quizzes.quiz", "pk": 7, "fields": {"question": "한 나라의 통화 가치가 다른 나라의 통화에 비해 상승하는 현상은 무엇입니까?", "answers": {"a": "통화 절상", "b": "통화 절하", "c": "통화 평가절상"}, "correct": "a", "explanations": "통화 절상은 한 나라의 통화 가치가 다른 나라의 통화에 비해 상승하는 현상을 의미합니다."}}, {"model": "quizzes.quiz", "pk": 8, "fields": {"question": "한 나라의 중앙은행이 통화 정책을 통해 금리를 조절하고, 나라의 경제를 안정시키는 기관은 무엇입니까?", "answers": {"a": "금융감독원", "b": "중앙은행", "c": "재정부"}, "correct": "b", "explanations": "중앙은행은 한 나라의 통화 정책을 담당하며, 금리를 조절하여 경제를 안정시키는 역할을 합니다."}}, {"model": "quizzes.quiz", "pk": 9, "fields": {"question": "주식이나 채권과 같이 가격 변동이 있어 투자 손실의 가능성이 있는 자산을 무엇이라고 합니까?", "answers": {"a": "고정 자산", "b": "유동 자산", "c": "변동성 자산"}, "correct": "c", "explanations": "변동성 자산은 가격 변동이 있어 투자 손실의 가능성이 있는 자산, 예를 들어 주식이나 채권을 의미합니다."}}, {"model": "quizzes.quiz", "pk": 10, "fields": {"question": "정부나 중앙은행이 시장에 돈을 공급하여 경제를 자극하는 정책은 무엇입니까?", "answers": {"a": "긴축 정책", "b": "팽창 정책", "c": "경기 조절 정책"}, "correct": "b", "explanations": "팽창 정책은 정부나 중앙은행이 시장에 돈을 공급하여 경제를 자극하는 정책을 말합니다."}}]