[
    [
        {
            "id": 1,
            "deposit_options": [
                {
                    "id": 1,
                    "fin_prdt_cd": "WR0001B",
                    "intr_rate_type": "S",
                    "intr_rate_type_nm": "단리",
                    "intr_rate": 4.02,
                    "intr_rate2": 4.02,
                    "save_trm": 6,
                    "product": 1
                },
                {
                    "id": 2,
                    "fin_prdt_cd": "WR0001B",
                    "intr_rate_type": "S",
                    "intr_rate_type_nm": "단리",
                    "intr_rate": 4.05,
                    "intr_rate2": 4.05,
                    "save_trm": 12,
                    "product": 1
                },
                {
                    "id": 3,
                    "fin_prdt_cd": "WR0001B",
                    "intr_rate_type": "S",
                    "intr_rate_type_nm": "단리",
                    "intr_rate": 3.43,
                    "intr_rate2": 3.43,
                    "save_trm": 24,
                    "product": 1
                },
                {
                    "id": 4,
                    "fin_prdt_cd": "WR0001B",
                    "intr_rate_type": "S",
                    "intr_rate_type_nm": "단리",
                    "intr_rate": 3.43,
                    "intr_rate2": 3.43,
                    "save_trm": 36,
                    "product": 1
                }
            ],
            "fin_prdt_cd": "WR0001B",
            "fin_co_no": "0010001",
            "kor_co_nm": "우리은행",
            "fin_prdt_nm": "WON플러스예금",
            "mtrt_int": "만기 후\n- 1개월이내 : 만기시점약정이율×50%\n- 1개월초과 6개월이내: 만기시점약정이율×30%\n- 6개월초과 : 만기시점약정이율×20%\n\n※ 만기시점 약정이율 : 일반정기예금 금리",
            "join_deny": 1,
            "join_member": "실명의 개인",
            "join_way": "인터넷,스마트폰,전화(텔레뱅킹)",
            "spcl_cnd": "해당사항 없음",
            "max_limit": null,
            "etc_note": "- 가입기간: 1~36개월\n- 최소가입금액: 1만원 이상\n- 만기일을 일,월 단위로 자유롭게 선택 가능\n- 만기해지 시 신규일 당시 영업점과 인터넷 홈페이지에 고시된 계약기간별 금리 적용",
            "dcls_month": "202310",
            "dcls_strt_daymit": null,
            "dcls_end_day": null,
            "fin_co_subm_day": "202310200948"
        },
        {
            "id": 2,
            "fin_prdt_cd": "WR0001B",
            "intr_rate_type": "S",
            "intr_rate_type_nm": "단리",
            "intr_rate": 4.05,
            "intr_rate2": 4.05,
            "save_trm": 12,
            "product": 1
        }
    ],
    [
        {
            "id": 1,
            "deposit_options": [
                {
                    "id": 1,
                    "fin_prdt_cd": "WR0001B",
                    "intr_rate_type": "S",
                    "intr_rate_type_nm": "단리",
                    "intr_rate": 4.02,
                    "intr_rate2": 4.02,
                    "save_trm": 6,
                    "product": 1
                },
                {
                    "id": 2,
                    "fin_prdt_cd": "WR0001B",
                    "intr_rate_type": "S",
                    "intr_rate_type_nm": "단리",
                    "intr_rate": 4.05,
                    "intr_rate2": 4.05,
                    "save_trm": 12,
                    "product": 1
                },
                {
                    "id": 3,
                    "fin_prdt_cd": "WR0001B",
                    "intr_rate_type": "S",
                    "intr_rate_type_nm": "단리",
                    "intr_rate": 3.43,
                    "intr_rate2": 3.43,
                    "save_trm": 24,
                    "product": 1
                },
                {
                    "id": 4,
                    "fin_prdt_cd": "WR0001B",
                    "intr_rate_type": "S",
                    "intr_rate_type_nm": "단리",
                    "intr_rate": 3.43,
                    "intr_rate2": 3.43,
                    "save_trm": 36,
                    "product": 1
                }
            ],
            "fin_prdt_cd": "WR0001B",
            "fin_co_no": "0010001",
            "kor_co_nm": "우리은행",
            "fin_prdt_nm": "WON플러스예금",
            "mtrt_int": "만기 후\n- 1개월이내 : 만기시점약정이율×50%\n- 1개월초과 6개월이내: 만기시점약정이율×30%\n- 6개월초과 : 만기시점약정이율×20%\n\n※ 만기시점 약정이율 : 일반정기예금 금리",
            "join_deny": 1,
            "join_member": "실명의 개인",
            "join_way": "인터넷,스마트폰,전화(텔레뱅킹)",
            "spcl_cnd": "해당사항 없음",
            "max_limit": null,
            "etc_note": "- 가입기간: 1~36개월\n- 최소가입금액: 1만원 이상\n- 만기일을 일,월 단위로 자유롭게 선택 가능\n- 만기해지 시 신규일 당시 영업점과 인터넷 홈페이지에 고시된 계약기간별 금리 적용",
            "dcls_month": "202310",
            "dcls_strt_daymit": null,
            "dcls_end_day": null,
            "fin_co_subm_day": "202310200948"
        },
        {
            "id": 4,
            "fin_prdt_cd": "WR0001B",
            "intr_rate_type": "S",
            "intr_rate_type_nm": "단리",
            "intr_rate": 3.43,
            "intr_rate2": 3.43,
            "save_trm": 36,
            "product": 1
        }
    ]
]