[{"model": "news.tips", "pk": 1, "fields": {"contentId": "131508", "subject": "예적금상품은 목돈 마련 등 활용 목적에 맞게 가입하세요!", "atchfileNm": "230615 (보도참고자료) [금융꿀팁 200선](146) 신입사원의 금융상품 현명하게 가입하기(예적금편).hwp|금융꿀팁146_언론보도_매일경제.pdf|금융꿀팁146_언론보도_서울파이낸스.pdf", "temp1": "은행", "atchfileUrl": "https://www.fss.or.kr/fss/cmmn/file/fileDown.do?menuNo=900014&atchFileId=2b4738ffefaf4bb69eb01f570875c9cf&fileSn=1&bbsId=B0000340|https://www.fss.or.kr/fss/cmmn/file/fileDown.do?menuNo=900014&atchFileId=2b4738ffefaf4bb69eb01f570875c9cf&fileSn=2&bbsId=B0000340|https://www.fss.or.kr/fss/cmmn/file/fileDown.do?menuNo=900014&atchFileId=2b4738ffefaf4bb69eb01f570875c9cf&fileSn=3&bbsId=B0000340", "originUrl": "https://www.fss.or.kr/fine/bbs/B0000340/view.do?nttId=131508&menuNo=900014", "contentsKor": "&lt;div class='dbdata'&gt;&lt;img src='https://www.fss.or.kr/cmmn/file/imageSrc.do?fileStreCours=4affe7cb56466a300954a909e1e9d0a302d60a98e6497824fc0474affc86419a&streFileNm=977a3f6eb439159f3c855f2dc92a53eda8d0930bce572afec4f4382a4d15a9f313e27cc0df58d0800d2b142a2917067e' alt='' style='width: 670px;'/&gt;&lt;/div&gt;&lt;div class='dbdata'&gt;&lt;img src='https://www.fss.or.kr/cmmn/file/imageSrc.do?fileStreCours=4affe7cb56466a300954a909e1e9d0a302d60a98e6497824fc0474affc86419a&streFileNm=8a70f19ebd72503b1e63dd10086591b8e09f968c36c137b74d615f0eae508f6513e27cc0df58d0800d2b142a2917067e' alt='' style='width: 670px;'/&gt;&lt;/div&gt;&lt;div class='dbdata'&gt;&lt;img src='https://www.fss.or.kr/cmmn/file/imageSrc.do?fileStreCours=4affe7cb56466a300954a909e1e9d0a302d60a98e6497824fc0474affc86419a&streFileNm=5c0e3e94ffbbde22bd5cffd1ca25d5d714f9151fc65bc94209d89f4c9a6c70bf13e27cc0df58d0800d2b142a2917067e' alt='' style='width: 670px;'/&gt;&lt;/div&gt;&lt;div class='dbdata'&gt;&lt;img src='https://www.fss.or.kr/cmmn/file/imageSrc.do?fileStreCours=4affe7cb56466a300954a909e1e9d0a302d60a98e6497824fc0474affc86419a&streFileNm=56f69e4ec53e6f1cc2e7a8d3450008b13df82882bb8bff209a590c10f7572a2913e27cc0df58d0800d2b142a2917067e' alt='' style='width: 670px;'/&gt;&lt;/div&gt;&lt;div class='dbdata'&gt;&lt;img src='https://www.fss.or.kr/cmmn/file/imageSrc.do?fileStreCours=4affe7cb56466a300954a909e1e9d0a302d60a98e6497824fc0474affc86419a&streFileNm=8ecdb07a00973620575b6faa088629706e086316558d8b8703a5a009fa83963a13e27cc0df58d0800d2b142a2917067e' alt='' style='width: 670px;'/&gt;&lt;/div&gt;&lt;div class='dbdata'&gt;&lt;img src='https://www.fss.or.kr/cmmn/file/imageSrc.do?fileStreCours=4affe7cb56466a300954a909e1e9d0a302d60a98e6497824fc0474affc86419a&streFileNm=8faba2f17fe35e4c5d57d46e296adbd34876f35b577ba03a40139c67977bf12313e27cc0df58d0800d2b142a2917067e' alt='' style='width: 670px;'/&gt;&lt;/div&gt;&lt;div class='dbdata'&gt;&lt;img src='https://www.fss.or.kr/cmmn/file/imageSrc.do?fileStreCours=4affe7cb56466a300954a909e1e9d0a302d60a98e6497824fc0474affc86419a&streFileNm=25ff718f6e7e7b1048ad5902900c93da847bc89a26fce60bc5f6d89faafea4b713e27cc0df58d0800d2b142a2917067e' alt='' style='width: 670px;'/&gt;&lt;/div&gt;&lt;div class='dbdata'&gt;&lt;img src='https://www.fss.or.kr/cmmn/file/imageSrc.do?fileStreCours=4affe7cb56466a300954a909e1e9d0a302d60a98e6497824fc0474affc86419a&streFileNm=e705f659b496f7f70ba73496a61f5d000bcebf41eb29df84b7bebb5fdd20376b13e27cc0df58d0800d2b142a2917067e' alt='' style='width: 670px;'/&gt;&lt;/div&gt;&lt;div class='dbdata'&gt;&lt;img src='https://www.fss.or.kr/cmmn/file/imageSrc.do?fileStreCours=4affe7cb56466a300954a909e1e9d0a302d60a98e6497824fc0474affc86419a&streFileNm=118e8f5308601f5bfd1c70e26c1bd53d27b2389478041f8a4d7986a95a36b67d13e27cc0df58d0800d2b142a2917067e' alt='' style='width: 670px;'/&gt;&lt;/div&gt;&lt;div class='dbdata'&gt;&lt;img src='https://www.fss.or.kr/cmmn/file/imageSrc.do?fileStreCours=4affe7cb56466a300954a909e1e9d0a302d60a98e6497824fc0474affc86419a&streFileNm=8efb4a251878b5c2a3b37ea45a7d5f8c03400e363d08dd9027f46e1a0f80684713e27cc0df58d0800d2b142a2917067e' alt='' style='width: 670px;'/&gt;&lt;/div&gt;&lt;div class='dbdata'&gt;&lt;img src='https://www.fss.or.kr/cmmn/file/imageSrc.do?fileStreCours=4affe7cb56466a300954a909e1e9d0a302d60a98e6497824fc0474affc86419a&streFileNm=4144b6e78bb2e8d54e33e9686fba461c83ffeee3971148ca7a91e4bb921213f613e27cc0df58d0800d2b142a2917067e' alt='' style='width: 670px;'/&gt;&lt;/div&gt;&lt;div class='dbdata'&gt;&lt;img src='https://www.fss.or.kr/cmmn/file/imageSrc.do?fileStreCours=4affe7cb56466a300954a909e1e9d0a302d60a98e6497824fc0474affc86419a&streFileNm=f36b0c6bdea4abd7c47c9e9a7978703efbdfd551c935f8a7ce345bec23c676b313e27cc0df58d0800d2b142a2917067e' alt='' style='width: 670px;'/&gt;&lt;/div&gt;&lt;div class='dbdata'&gt;&lt;img src='https://www.fss.or.kr/cmmn/file/imageSrc.do?fileStreCours=4affe7cb56466a300954a909e1e9d0a302d60a98e6497824fc0474affc86419a&streFileNm=d6fd48fc5fe0ac45fbebde3997a49a5d735d306d56edfd67b2351483cfab0a3613e27cc0df58d0800d2b142a2917067e' alt='' style='width: 670px;'/&gt;&lt;/div&gt;&lt;div class='dbdata'&gt;&lt;img src='https://www.fss.or.kr/cmmn/file/imageSrc.do?fileStreCours=4affe7cb56466a300954a909e1e9d0a302d60a98e6497824fc0474affc86419a&streFileNm=32fbc12ee18d89cf61731a2fe1ed72c0d095e83caa39d694f13cfccf27f451e013e27cc0df58d0800d2b142a2917067e' alt='' style='width: 670px;'/&gt;&lt;/div&gt;&lt;div class='dbdata'&gt;&lt;img src='https://www.fss.or.kr/cmmn/file/imageSrc.do?fileStreCours=4affe7cb56466a300954a909e1e9d0a302d60a98e6497824fc0474affc86419a&streFileNm=ba6a31666261bbd75d5fdf7a399b5ec2e10b67b9c34cdfe28ff516adc6527b2113e27cc0df58d0800d2b142a2917067e' alt='' style='width: 670px;'/&gt;&lt;/div&gt;&lt;div class='dbdata'&gt;&lt;img src='https://www.fss.or.kr/cmmn/file/imageSrc.do?fileStreCours=4affe7cb56466a300954a909e1e9d0a302d60a98e6497824fc0474affc86419a&streFileNm=858f323e81c5435339b92c680164022e3f69cd3bd1fa350555ea156c9019597413e27cc0df58d0800d2b142a2917067e' alt='' style='width: 670px;'/&gt;&lt;/div&gt;&lt;div class='dbdata'&gt;&lt;img src='https://www.fss.or.kr/cmmn/file/imageSrc.do?fileStreCours=4affe7cb56466a300954a909e1e9d0a302d60a98e6497824fc0474affc86419a&streFileNm=6eef5a1ebb57d1f22e29dfdcf4cf04d1981f495367f358d2478dceee404dabef13e27cc0df58d0800d2b142a2917067e' alt='' style='width: 670px;'/&gt;&lt;/div&gt;&lt;div class='dbdata'&gt;&lt;img src='https://www.fss.or.kr/cmmn/file/imageSrc.do?fileStreCours=4affe7cb56466a300954a909e1e9d0a302d60a98e6497824fc0474affc86419a&streFileNm=1cf444ea7999dac67a0ecd9a95b8b4ad8aab543825681c7bec61335ead983bcf13e27cc0df58d0800d2b142a2917067e' alt='' style='width: 670px;'/&gt;&lt;/div&gt;&lt;div class='dbdata'&gt;&lt;img src='https://www.fss.or.kr/cmmn/file/imageSrc.do?fileStreCours=4affe7cb56466a300954a909e1e9d0a302d60a98e6497824fc0474affc86419a&streFileNm=3f036fed3b2ce4e3dc38b336f438521e95b6141cab6d7acd848dcaa67155964913e27cc0df58d0800d2b142a2917067e' alt='' style='width: 670px;'/&gt;&lt;/div&gt;"}}, {"model": "news.tips", "pk": 2, "fields": {"contentId": "129706", "subject": "잠깐! 요즘 채권이 인기라는데, 이것만은 꼭 확인 후 투자하세요!-심화편", "atchfileNm": "230607 (보도자료) 조간 [금융꿀팁 200선] 잠깐! 요즘 채권이 인기라는데 이것만은 꼭 확인 후 투자하세요.hwp|금융꿀팁145_언론보도_서울경제.pdf|금융꿀팁145_언론보도_서울파이낸스.pdf", "temp1": "금융투자", "atchfileUrl": "https://www.fss.or.kr/fss/cmmn/file/fileDown.do?menuNo=900014&atchFileId=41daa4d3a1964248bef9f5ed5250e801&fileSn=1&bbsId=B0000340|https://www.fss.or.kr/fss/cmmn/file/fileDown.do?menuNo=900014&atchFileId=41daa4d3a1964248bef9f5ed5250e801&fileSn=2&bbsId=B0000340|https://www.fss.or.kr/fss/cmmn/file/fileDown.do?menuNo=900014&atchFileId=41daa4d3a1964248bef9f5ed5250e801&fileSn=3&bbsId=B0000340", "originUrl": "https://www.fss.or.kr/fine/bbs/B0000340/view.do?nttId=129706&menuNo=900014", "contentsKor": "&lt;div class='dbdata'&gt;&lt;img src='https://www.fss.or.kr/cmmn/file/imageSrc.do?fileStreCours=4affe7cb56466a300954a909e1e9d0a357e6637cc5f81aa3d88c1240cb27644b&streFileNm=4954de86382d714caca19bd92a0d1c333ec7234d12264e618d57f02a90272bac13e27cc0df58d0800d2b142a2917067e' alt='' style='width: 670px;'/&gt;&lt;/div&gt;&lt;div class='dbdata'&gt;&lt;img src='https://www.fss.or.kr/cmmn/file/imageSrc.do?fileStreCours=4affe7cb56466a300954a909e1e9d0a357e6637cc5f81aa3d88c1240cb27644b&streFileNm=5dc6bdf0a86e35ef41ec6103cc78b8cd3ff67a10bc9e52e3f0c33d135ec28fb913e27cc0df58d0800d2b142a2917067e' alt='' style='width: 670px;'/&gt;&lt;/div&gt;&lt;div class='dbdata'&gt;&lt;img src='https://www.fss.or.kr/cmmn/file/imageSrc.do?fileStreCours=4affe7cb56466a300954a909e1e9d0a357e6637cc5f81aa3d88c1240cb27644b&streFileNm=7d6a7fcd545c1b1f18ad936bbbf819b2460a35d20d26b13ad015e3cf06e4d11113e27cc0df58d0800d2b142a2917067e' alt='' style='width: 670px;'/&gt;&lt;/div&gt;&lt;div class='dbdata'&gt;&lt;img src='https://www.fss.or.kr/cmmn/file/imageSrc.do?fileStreCours=4affe7cb56466a300954a909e1e9d0a357e6637cc5f81aa3d88c1240cb27644b&streFileNm=41268ea7ced68cc80dcc1f8c4e411a2d98db6b5159dcbde64368624980cb74f513e27cc0df58d0800d2b142a2917067e' alt='' style='width: 670px;'/&gt;&lt;/div&gt;&lt;div class='dbdata'&gt;&lt;img src='https://www.fss.or.kr/cmmn/file/imageSrc.do?fileStreCours=4affe7cb56466a300954a909e1e9d0a357e6637cc5f81aa3d88c1240cb27644b&streFileNm=2069527225868c60cf73c49dc647973d1347b19bafdd982c10c403eb0baa5e9213e27cc0df58d0800d2b142a2917067e' alt='' style='width: 670px;'/&gt;&lt;/div&gt;&lt;div class='dbdata'&gt;&lt;img src='https://www.fss.or.kr/cmmn/file/imageSrc.do?fileStreCours=4affe7cb56466a300954a909e1e9d0a357e6637cc5f81aa3d88c1240cb27644b&streFileNm=3242d261460e7e82e2b231844c25ddeba24133573b9cbec7030281d75661568413e27cc0df58d0800d2b142a2917067e' alt='' style='width: 670px;'/&gt;&lt;/div&gt;&lt;div class='dbdata'&gt;&lt;img src='https://www.fss.or.kr/cmmn/file/imageSrc.do?fileStreCours=4affe7cb56466a300954a909e1e9d0a357e6637cc5f81aa3d88c1240cb27644b&streFileNm=721178564b52f64054db2d399ceb7b8fc4b9365ac1ff76662bf02347e199d11b13e27cc0df58d0800d2b142a2917067e' alt='' style='width: 670px;'/&gt;&lt;/div&gt;&lt;div class='dbdata'&gt;&lt;img src='https://www.fss.or.kr/cmmn/file/imageSrc.do?fileStreCours=4affe7cb56466a300954a909e1e9d0a357e6637cc5f81aa3d88c1240cb27644b&streFileNm=1933024b3cf2a486876232de4590e16473d7f5a13adc6aad17c805d39812018d13e27cc0df58d0800d2b142a2917067e' alt='' style='width: 670px;'/&gt;&lt;/div&gt;&lt;div class='dbdata'&gt;&lt;img src='https://www.fss.or.kr/cmmn/file/imageSrc.do?fileStreCours=4affe7cb56466a300954a909e1e9d0a357e6637cc5f81aa3d88c1240cb27644b&streFileNm=1768938875ec73571984c91c729047aa4c48bba1e0985c6665e68d948603e8d713e27cc0df58d0800d2b142a2917067e' alt='' style='width: 670px;'/&gt;&lt;/div&gt;&lt;div class='dbdata'&gt;&lt;img src='https://www.fss.or.kr/cmmn/file/imageSrc.do?fileStreCours=4affe7cb56466a300954a909e1e9d0a357e6637cc5f81aa3d88c1240cb27644b&streFileNm=535f2a2b08dcb47c0d448a17e1ee247cc326d45caf4873db4dc71a5d2d68bff213e27cc0df58d0800d2b142a2917067e' alt='' style='width: 670px;'/&gt;&lt;/div&gt;&lt;div class='dbdata'&gt;&lt;img src='https://www.fss.or.kr/cmmn/file/imageSrc.do?fileStreCours=4affe7cb56466a300954a909e1e9d0a357e6637cc5f81aa3d88c1240cb27644b&streFileNm=5466fff788e450980f713d50df96f0824db04fd9a57be12d8bb0050830d8960913e27cc0df58d0800d2b142a2917067e' alt='' style='width: 670px;'/&gt;&lt;/div&gt;&lt;div class='dbdata'&gt;&lt;img src='https://www.fss.or.kr/cmmn/file/imageSrc.do?fileStreCours=4affe7cb56466a300954a909e1e9d0a357e6637cc5f81aa3d88c1240cb27644b&streFileNm=278dc4bb97b5881228537cb2fc2a6d62ebf38f35598105c190de0c2df31f785213e27cc0df58d0800d2b142a2917067e' alt='' style='width: 670px;'/&gt;&lt;/div&gt;&lt;div class='dbdata'&gt;&lt;img src='https://www.fss.or.kr/cmmn/file/imageSrc.do?fileStreCours=4affe7cb56466a300954a909e1e9d0a357e6637cc5f81aa3d88c1240cb27644b&streFileNm=617c5a9ff79cb6b978026deb97f43c340908e1fd7cc03eaf0da9ce43e9866d7d13e27cc0df58d0800d2b142a2917067e' alt='' style='width: 670px;'/&gt;&lt;/div&gt;"}}, {"model": "news.tips", "pk": 3, "fields": {"contentId": "129622", "subject": "잠깐! 요즘 채권이 인기라는데, 이것만은 꼭 확인 후 투자하세요!-기초편", "atchfileNm": "230601 (보도자료) 조간 [금융꿀팁 200선] 144 잠깐! 요즘 채권이 인기라는데 이것만은 꼭 확인 후 투자하세요! 기초편.hwp|금융꿀팁144_언론보도_노컷뉴스.pdf|금융꿀팁144_언론보도_아시아투데이.pdf", "temp1": "금융투자", "atchfileUrl": "https://www.fss.or.kr/fss/cmmn/file/fileDown.do?menuNo=900014&atchFileId=dd1c50e7cc3847cd8b05a1614cbbd5ba&fileSn=1&bbsId=B0000340|https://www.fss.or.kr/fss/cmmn/file/fileDown.do?menuNo=900014&atchFileId=dd1c50e7cc3847cd8b05a1614cbbd5ba&fileSn=2&bbsId=B0000340|https://www.fss.or.kr/fss/cmmn/file/fileDown.do?menuNo=900014&atchFileId=dd1c50e7cc3847cd8b05a1614cbbd5ba&fileSn=3&bbsId=B0000340", "originUrl": "https://www.fss.or.kr/fine/bbs/B0000340/view.do?nttId=129622&menuNo=900014", "contentsKor": "&lt;div class='dbdata'&gt;&lt;img src='https://www.fss.or.kr/cmmn/file/imageSrc.do?fileStreCours=4affe7cb56466a300954a909e1e9d0a357e6637cc5f81aa3d88c1240cb27644b&streFileNm=b3540df09779a68816ce72488cb2c61b3d729bc40e970ada5986ac376880478b13e27cc0df58d0800d2b142a2917067e' alt='' style='width: 670px;'/&gt;&lt;/div&gt;&lt;div class='dbdata'&gt;&lt;img src='https://www.fss.or.kr/cmmn/file/imageSrc.do?fileStreCours=4affe7cb56466a300954a909e1e9d0a357e6637cc5f81aa3d88c1240cb27644b&streFileNm=8257f0ccb97f60dd350dd6d32bf58368c5f97bf73ecf96d0e2002a6d9f8c970713e27cc0df58d0800d2b142a2917067e' alt='' style='width: 670px;'/&gt;&lt;/div&gt;&lt;div class='dbdata'&gt;&lt;img src='https://www.fss.or.kr/cmmn/file/imageSrc.do?fileStreCours=4affe7cb56466a300954a909e1e9d0a357e6637cc5f81aa3d88c1240cb27644b&streFileNm=e8d90cd51eb6db9f5ae4d0a08f27e4eaff2462a35502da2358d529cb73035e6413e27cc0df58d0800d2b142a2917067e' alt='' style='width: 670px;'/&gt;&lt;/div&gt;&lt;div class='dbdata'&gt;&lt;img src='https://www.fss.or.kr/cmmn/file/imageSrc.do?fileStreCours=4affe7cb56466a300954a909e1e9d0a357e6637cc5f81aa3d88c1240cb27644b&streFileNm=93c48e5336be54c9ebd1cc6082418980d82d5a1c83b47c36f46b03a6392a887413e27cc0df58d0800d2b142a2917067e' alt='' style='width: 670px;'/&gt;&lt;/div&gt;&lt;div class='dbdata'&gt;&lt;img src='https://www.fss.or.kr/cmmn/file/imageSrc.do?fileStreCours=4affe7cb56466a300954a909e1e9d0a357e6637cc5f81aa3d88c1240cb27644b&streFileNm=c76797704ffda8eaae534755919b999f572663d3445466802457f40e1cd7269613e27cc0df58d0800d2b142a2917067e' alt='' style='width: 670px;'/&gt;&lt;/div&gt;&lt;div class='dbdata'&gt;&lt;img src='https://www.fss.or.kr/cmmn/file/imageSrc.do?fileStreCours=4affe7cb56466a300954a909e1e9d0a357e6637cc5f81aa3d88c1240cb27644b&streFileNm=210c874e3801dec9a987300c99900fb367fd301e557792fba6964ee33f7c74cc13e27cc0df58d0800d2b142a2917067e' alt='' style='width: 670px;'/&gt;&lt;/div&gt;&lt;div class='dbdata'&gt;&lt;img src='https://www.fss.or.kr/cmmn/file/imageSrc.do?fileStreCours=4affe7cb56466a300954a909e1e9d0a357e6637cc5f81aa3d88c1240cb27644b&streFileNm=b8f82b70bf98256d1bd77c90534600f7aa3758a496b4d9d932bfc9c2208c728313e27cc0df58d0800d2b142a2917067e' alt='' style='width: 670px;'/&gt;&lt;/div&gt;&lt;div class='dbdata'&gt;&lt;img src='https://www.fss.or.kr/cmmn/file/imageSrc.do?fileStreCours=4affe7cb56466a300954a909e1e9d0a357e6637cc5f81aa3d88c1240cb27644b&streFileNm=69793b92ddbeacf32e9a9573f4a7f90cfea1513e72f5a82c56d0626df68fd9ce13e27cc0df58d0800d2b142a2917067e' alt='' style='width: 670px;'/&gt;&lt;/div&gt;&lt;div class='dbdata'&gt;&lt;img src='https://www.fss.or.kr/cmmn/file/imageSrc.do?fileStreCours=4affe7cb56466a300954a909e1e9d0a357e6637cc5f81aa3d88c1240cb27644b&streFileNm=08bae834c6b083981d8ae0564690d9037cc38aa2f66888ba57cf05676b75ebc313e27cc0df58d0800d2b142a2917067e' alt='' style='width: 670px;'/&gt;&lt;/div&gt;&lt;div class='dbdata'&gt;&lt;img src='https://www.fss.or.kr/cmmn/file/imageSrc.do?fileStreCours=4affe7cb56466a300954a909e1e9d0a357e6637cc5f81aa3d88c1240cb27644b&streFileNm=4b045be921ffaa474540cbd495fc4faab064bcecac37d51738d0de31ced57f3313e27cc0df58d0800d2b142a2917067e' alt='' style='width: 670px;'/&gt;&lt;/div&gt;&lt;div class='dbdata'&gt;&lt;img src='https://www.fss.or.kr/cmmn/file/imageSrc.do?fileStreCours=4affe7cb56466a300954a909e1e9d0a357e6637cc5f81aa3d88c1240cb27644b&streFileNm=9cf0df83ee0068d6cb4efb428b683decb23bb28b2beb3de028dd68323d07196c13e27cc0df58d0800d2b142a2917067e' alt='' style='width: 670px;'/&gt;&lt;/div&gt;&lt;div class='dbdata'&gt;&lt;img src='https://www.fss.or.kr/cmmn/file/imageSrc.do?fileStreCours=4affe7cb56466a300954a909e1e9d0a357e6637cc5f81aa3d88c1240cb27644b&streFileNm=c71c8de34b0530b17b8e9acb3523ef3c42ff1c7f037c178a7a5b9153bd94068313e27cc0df58d0800d2b142a2917067e' alt='' style='width: 670px;'/&gt;&lt;/div&gt;&lt;div class='dbdata'&gt;&lt;img src='https://www.fss.or.kr/cmmn/file/imageSrc.do?fileStreCours=4affe7cb56466a300954a909e1e9d0a357e6637cc5f81aa3d88c1240cb27644b&streFileNm=a9c675ade6699a93f2d5b0e4b60e13985f9cf024c3f91d93d0873b083d0fce8313e27cc0df58d0800d2b142a2917067e' alt='' style='width: 670px;'/&gt;&lt;/div&gt;&lt;div class='dbdata'&gt;&lt;img src='https://www.fss.or.kr/cmmn/file/imageSrc.do?fileStreCours=4affe7cb56466a300954a909e1e9d0a357e6637cc5f81aa3d88c1240cb27644b&streFileNm=be01197314fc5947ea8b91d65ba7f5bcb19e00f09ecd67089145563746108ef213e27cc0df58d0800d2b142a2917067e' alt='' style='width: 670px;'/&gt;&lt;/div&gt;&lt;div class='dbdata'&gt;&lt;img src='https://www.fss.or.kr/cmmn/file/imageSrc.do?fileStreCours=4affe7cb56466a300954a909e1e9d0a357e6637cc5f81aa3d88c1240cb27644b&streFileNm=1e962a07255454045a154a107f53f6168f6e0b92147277419ca77bc020cb213513e27cc0df58d0800d2b142a2917067e' alt='' style='width: 670px;'/&gt;&lt;/div&gt;"}}, {"model": "news.tips", "pk": 4, "fields": {"contentId": "129588", "subject": "보험상품은 소득수준, 가입목적 등을 충분히 고려하여 가입하세요!", "atchfileNm": "230524 (보도참고) 조간 [금융꿀팁 200선](143) 신입사원의 금융상품 현명하게 가입하기(보험편).hwp|금융꿀팁143_언론보도_연합뉴스.pdf|금융꿀팁143_언론보도_헤럴드.pdf", "temp1": "손해보험", "atchfileUrl": "https://www.fss.or.kr/fss/cmmn/file/fileDown.do?menuNo=900014&atchFileId=19cfe9b90c52472f96522cb8a3e88023&fileSn=1&bbsId=B0000340|https://www.fss.or.kr/fss/cmmn/file/fileDown.do?menuNo=900014&atchFileId=19cfe9b90c52472f96522cb8a3e88023&fileSn=2&bbsId=B0000340|https://www.fss.or.kr/fss/cmmn/file/fileDown.do?menuNo=900014&atchFileId=19cfe9b90c52472f96522cb8a3e88023&fileSn=3&bbsId=B0000340", "originUrl": "https://www.fss.or.kr/fine/bbs/B0000340/view.do?nttId=129588&menuNo=900014", "contentsKor": "&lt;div class='dbdata'&gt;&lt;img src='https://www.fss.or.kr/cmmn/file/imageSrc.do?fileStreCours=4affe7cb56466a300954a909e1e9d0a357e6637cc5f81aa3d88c1240cb27644b&streFileNm=d1d7abd6fa5ad411d18194b02800677893778e8aa84f552278ac25acad3e9b4813e27cc0df58d0800d2b142a2917067e' alt='' style='width: 670px;'/&gt;&lt;/div&gt;&lt;div class='dbdata'&gt;&lt;img src='https://www.fss.or.kr/cmmn/file/imageSrc.do?fileStreCours=4affe7cb56466a300954a909e1e9d0a357e6637cc5f81aa3d88c1240cb27644b&streFileNm=3f2f689c65967ffe3e499f25cfc089e62a1bf5f60cae72bdc3d832e30cbb06f813e27cc0df58d0800d2b142a2917067e' alt='' style='width: 670px;'/&gt;&lt;/div&gt;&lt;div class='dbdata'&gt;&lt;img src='https://www.fss.or.kr/cmmn/file/imageSrc.do?fileStreCours=4affe7cb56466a300954a909e1e9d0a357e6637cc5f81aa3d88c1240cb27644b&streFileNm=ef12031001a421507946dafe4b55fad6c6fd4f7dd0baa24fefad60024a4e6ab213e27cc0df58d0800d2b142a2917067e' alt='' style='width: 670px;'/&gt;&lt;/div&gt;&lt;div class='dbdata'&gt;&lt;img src='https://www.fss.or.kr/cmmn/file/imageSrc.do?fileStreCours=4affe7cb56466a300954a909e1e9d0a357e6637cc5f81aa3d88c1240cb27644b&streFileNm=0942ef03ed15d850449f26d827232c8a5983fb8076f9d0ed88fcbc9add5a68ea13e27cc0df58d0800d2b142a2917067e' alt='' style='width: 670px;'/&gt;&lt;/div&gt;&lt;div class='dbdata'&gt;&lt;img src='https://www.fss.or.kr/cmmn/file/imageSrc.do?fileStreCours=4affe7cb56466a300954a909e1e9d0a357e6637cc5f81aa3d88c1240cb27644b&streFileNm=e88934c8c5342ef54f9a57ab46953385ec342ae78f2db61d888a622145c9c94113e27cc0df58d0800d2b142a2917067e' alt='' style='width: 670px;'/&gt;&lt;/div&gt;&lt;div class='dbdata'&gt;&lt;img src='https://www.fss.or.kr/cmmn/file/imageSrc.do?fileStreCours=4affe7cb56466a300954a909e1e9d0a357e6637cc5f81aa3d88c1240cb27644b&streFileNm=b5e6e2d218cf9f387c9c07e6044e6bd06956c99ad9a67e963ff960a1b787330213e27cc0df58d0800d2b142a2917067e' alt='' style='width: 670px;'/&gt;&lt;/div&gt;&lt;div class='dbdata'&gt;&lt;img src='https://www.fss.or.kr/cmmn/file/imageSrc.do?fileStreCours=4affe7cb56466a300954a909e1e9d0a357e6637cc5f81aa3d88c1240cb27644b&streFileNm=012184c52d7779bd2b2f9449fb2359ec6a0a924ea7984a68f2b5989d44273a1c13e27cc0df58d0800d2b142a2917067e' alt='' style='width: 670px;'/&gt;&lt;/div&gt;&lt;div class='dbdata'&gt;&lt;img src='https://www.fss.or.kr/cmmn/file/imageSrc.do?fileStreCours=4affe7cb56466a300954a909e1e9d0a357e6637cc5f81aa3d88c1240cb27644b&streFileNm=2f69ce1a6c863f501bd29df7d4aa1ba1ae700c449237a6c36b4d8f575e75aaff13e27cc0df58d0800d2b142a2917067e' alt='' style='width: 670px;'/&gt;&lt;/div&gt;&lt;div class='dbdata'&gt;&lt;img src='https://www.fss.or.kr/cmmn/file/imageSrc.do?fileStreCours=4affe7cb56466a300954a909e1e9d0a357e6637cc5f81aa3d88c1240cb27644b&streFileNm=8089824177c66e8cb06c03425018fa43b69b48eb27a4d4f335fd79d5f4d236f213e27cc0df58d0800d2b142a2917067e' alt='' style='width: 670px;'/&gt;&lt;/div&gt;"}}, {"model": "news.tips", "pk": 5, "fields": {"contentId": "129575", "subject": "중대한 질병보험 등 가입시 대리청구인을 미리 지정하세요", "atchfileNm": "230519 (보도자료) 조간 [금융꿀팁200선] 중대한 질병보험 등 가입시 대리청구인을 미리 지정하세요.hwp|금융꿀팁142_언론보도_머니투데이.pdf|금융꿀팁142_언론보도_이데일리.pdf", "temp1": "생명보험", "atchfileUrl": "https://www.fss.or.kr/fss/cmmn/file/fileDown.do?menuNo=900014&atchFileId=a95b5bcbb0d74f6c93cad11a67192ed4&fileSn=1&bbsId=B0000340|https://www.fss.or.kr/fss/cmmn/file/fileDown.do?menuNo=900014&atchFileId=a95b5bcbb0d74f6c93cad11a67192ed4&fileSn=2&bbsId=B0000340|https://www.fss.or.kr/fss/cmmn/file/fileDown.do?menuNo=900014&atchFileId=a95b5bcbb0d74f6c93cad11a67192ed4&fileSn=3&bbsId=B0000340", "originUrl": "https://www.fss.or.kr/fine/bbs/B0000340/view.do?nttId=129575&menuNo=900014", "contentsKor": "&lt;div class='dbdata'&gt;&lt;img src='https://www.fss.or.kr/cmmn/file/imageSrc.do?fileStreCours=4affe7cb56466a300954a909e1e9d0a357e6637cc5f81aa3d88c1240cb27644b&streFileNm=0f2bcda118f5eecc19c40de241692cb95b74fe122ab181b27fcda133a6c10bc313e27cc0df58d0800d2b142a2917067e' alt='' style='width: 670px;'/&gt;&lt;/div&gt;&lt;div class='dbdata'&gt;&lt;img src='https://www.fss.or.kr/cmmn/file/imageSrc.do?fileStreCours=4affe7cb56466a300954a909e1e9d0a357e6637cc5f81aa3d88c1240cb27644b&streFileNm=2a632e9427d526ce16dafe3989f71ed73ed723c2b84d0056fa193b753003109913e27cc0df58d0800d2b142a2917067e' alt='' style='width: 670px;'/&gt;&lt;/div&gt;&lt;div class='dbdata'&gt;&lt;img src='https://www.fss.or.kr/cmmn/file/imageSrc.do?fileStreCours=4affe7cb56466a300954a909e1e9d0a357e6637cc5f81aa3d88c1240cb27644b&streFileNm=d8bc375bfeaea4832c13563b3918b9ab63cb166f751fb0fb205dd23d58c0fc8a13e27cc0df58d0800d2b142a2917067e' alt='' style='width: 670px;'/&gt;&lt;/div&gt;&lt;div class='dbdata'&gt;&lt;img src='https://www.fss.or.kr/cmmn/file/imageSrc.do?fileStreCours=4affe7cb56466a300954a909e1e9d0a357e6637cc5f81aa3d88c1240cb27644b&streFileNm=e3eb0e50675e11439b0831b075838f93788064b968c1226e0ea570cb577b846d13e27cc0df58d0800d2b142a2917067e' alt='' style='width: 670px;'/&gt;&lt;/div&gt;&lt;div class='dbdata'&gt;&lt;img src='https://www.fss.or.kr/cmmn/file/imageSrc.do?fileStreCours=4affe7cb56466a300954a909e1e9d0a357e6637cc5f81aa3d88c1240cb27644b&streFileNm=09a831d6f3845149f115a21f205d775a532aa7b91a704f826e33b7ff100c0e0413e27cc0df58d0800d2b142a2917067e' alt='' style='width: 670px;'/&gt;&lt;/div&gt;&lt;div class='dbdata'&gt;&lt;img src='https://www.fss.or.kr/cmmn/file/imageSrc.do?fileStreCours=4affe7cb56466a300954a909e1e9d0a357e6637cc5f81aa3d88c1240cb27644b&streFileNm=1d453d37fdd290ec1f4927e1623490a6683dd3f6924f92ffcfe70ca78c8050ea13e27cc0df58d0800d2b142a2917067e' alt='' style='width: 670px;'/&gt;&lt;/div&gt;&lt;div class='dbdata'&gt;&lt;img src='https://www.fss.or.kr/cmmn/file/imageSrc.do?fileStreCours=4affe7cb56466a300954a909e1e9d0a357e6637cc5f81aa3d88c1240cb27644b&streFileNm=17f9fa1edfa1404ea09e87658ccf1ed15edaf3e6c9d726f1b1dc4b02c4d7b5b913e27cc0df58d0800d2b142a2917067e' alt='' style='width: 670px;'/&gt;&lt;/div&gt;&lt;div class='dbdata'&gt;&lt;img src='https://www.fss.or.kr/cmmn/file/imageSrc.do?fileStreCours=4affe7cb56466a300954a909e1e9d0a357e6637cc5f81aa3d88c1240cb27644b&streFileNm=6a26f47df9a694e90f536cfa7d944a47a680867f097286be0d43ff849938a13b13e27cc0df58d0800d2b142a2917067e' alt='' style='width: 670px;'/&gt;&lt;/div&gt;"}}, {"model": "news.tips", "pk": 6, "fields": {"contentId": "127513", "subject": "보험 가입시 &lsquo;만(滿)나이&rsquo;가 아닌 &lsquo;보험나이&rsquo;가 적용됩니다.", "atchfileNm": "230127 (보도자료) 조간 - [금융꿀팁200선] 보험 가입시 만 나이가 아닌 보험나이가 적용됩니다..hwp|금융꿀팁141_언론보도_연합인포맥스.pdf|금융꿀팁141_언론보도_한국보험신문.pdf", "temp1": "생명보험", "atchfileUrl": "https://www.fss.or.kr/fss/cmmn/file/fileDown.do?menuNo=900014&atchFileId=00af0c7b588040f582f2e1edd03e728f&fileSn=1&bbsId=B0000340|https://www.fss.or.kr/fss/cmmn/file/fileDown.do?menuNo=900014&atchFileId=00af0c7b588040f582f2e1edd03e728f&fileSn=2&bbsId=B0000340|https://www.fss.or.kr/fss/cmmn/file/fileDown.do?menuNo=900014&atchFileId=00af0c7b588040f582f2e1edd03e728f&fileSn=3&bbsId=B0000340", "originUrl": "https://www.fss.or.kr/fine/bbs/B0000340/view.do?nttId=127513&menuNo=900014", "contentsKor": "&lt;div class='dbdata'&gt;&lt;img src='https://www.fss.or.kr/cmmn/file/imageSrc.do?fileStreCours=4affe7cb56466a300954a909e1e9d0a342f1ac211295ddd6751b0127ff74d327&streFileNm=f614884f908fc02172889e54882e226f2020d0f74a7f157b320c50540f91029913e27cc0df58d0800d2b142a2917067e' alt='' style='width: 670px;'/&gt;&lt;/div&gt;&lt;div class='dbdata'&gt;&lt;img src='https://www.fss.or.kr/cmmn/file/imageSrc.do?fileStreCours=4affe7cb56466a300954a909e1e9d0a342f1ac211295ddd6751b0127ff74d327&streFileNm=fa5710b7fb1a9be3c0248d4c11b13690309f099314fd9832d8df1b4d424d72ec13e27cc0df58d0800d2b142a2917067e' alt='' style='width: 670px;'/&gt;&lt;/div&gt;&lt;div class='dbdata'&gt;&lt;img src='https://www.fss.or.kr/cmmn/file/imageSrc.do?fileStreCours=4affe7cb56466a300954a909e1e9d0a342f1ac211295ddd6751b0127ff74d327&streFileNm=3fa8fa5e366998d606319f24012e88e45ac87746fa80aaf884a0749cbbb2a21113e27cc0df58d0800d2b142a2917067e' alt='' style='width: 670px;'/&gt;&lt;/div&gt;&lt;div class='dbdata'&gt;&lt;img src='https://www.fss.or.kr/cmmn/file/imageSrc.do?fileStreCours=4affe7cb56466a300954a909e1e9d0a342f1ac211295ddd6751b0127ff74d327&streFileNm=2a7ec00ec84071c6dcd72d6681774d0f80d540f966320bf46ca50c9439869f2413e27cc0df58d0800d2b142a2917067e' alt='' style='width: 670px;'/&gt;&lt;/div&gt;&lt;div class='dbdata'&gt;&lt;img src='https://www.fss.or.kr/cmmn/file/imageSrc.do?fileStreCours=4affe7cb56466a300954a909e1e9d0a342f1ac211295ddd6751b0127ff74d327&streFileNm=cd49ed9831f8ab58039b033aa8db7ca7c3c5177c77612b5d73c9301a5e7af6dd13e27cc0df58d0800d2b142a2917067e' alt='' style='width: 670px;'/&gt;&lt;/div&gt;&lt;div class='dbdata'&gt;&lt;img src='https://www.fss.or.kr/cmmn/file/imageSrc.do?fileStreCours=4affe7cb56466a300954a909e1e9d0a342f1ac211295ddd6751b0127ff74d327&streFileNm=118ec0ad705e61ec7dd817c55e399b314ba390fa79210445d36e21f02091b42f13e27cc0df58d0800d2b142a2917067e' alt='' style='width: 670px;'/&gt;&lt;/div&gt;&lt;div class='dbdata'&gt;&lt;img src='https://www.fss.or.kr/cmmn/file/imageSrc.do?fileStreCours=4affe7cb56466a300954a909e1e9d0a342f1ac211295ddd6751b0127ff74d327&streFileNm=60d179b4d52ac233ea183bdec620e308094466d0f36ad78bd14db9dbc7adb61f13e27cc0df58d0800d2b142a2917067e' alt='' style='width: 670px;'/&gt;&lt;/div&gt;&lt;div class='dbdata'&gt;&lt;img src='https://www.fss.or.kr/cmmn/file/imageSrc.do?fileStreCours=4affe7cb56466a300954a909e1e9d0a342f1ac211295ddd6751b0127ff74d327&streFileNm=54ca8748c735ad9af0ae2490703187e6dfa48c0fb1ee1343f2e407e618dece9e13e27cc0df58d0800d2b142a2917067e' alt='' style='width: 670px;'/&gt;&lt;/div&gt;&lt;div class='dbdata'&gt;&lt;img src='https://www.fss.or.kr/cmmn/file/imageSrc.do?fileStreCours=4affe7cb56466a300954a909e1e9d0a342f1ac211295ddd6751b0127ff74d327&streFileNm=087829b1d1d8c3b1362c33baf6e5b2bd8a6e277956e9bc69a201e0945e2a08d413e27cc0df58d0800d2b142a2917067e' alt='' style='width: 670px;'/&gt;&lt;/div&gt;"}}, {"model": "news.tips", "pk": 7, "fields": {"contentId": "127507", "subject": "연금수령시 알아두어야 할 사항", "atchfileNm": "230117 (보도자료) 조간 - [금융꿀팁200선] 연금수령시 알아두어야 할 사항.hwp|금융꿀팁140_언론보도_머니투데이.pdf|금융꿀팁140_언론보도_이데일리.pdf", "temp1": "공통", "atchfileUrl": "https://www.fss.or.kr/fss/cmmn/file/fileDown.do?menuNo=900014&atchFileId=7c9a7b512d00402f8e05e37d1bd5766e&fileSn=1&bbsId=B0000340|https://www.fss.or.kr/fss/cmmn/file/fileDown.do?menuNo=900014&atchFileId=7c9a7b512d00402f8e05e37d1bd5766e&fileSn=2&bbsId=B0000340|https://www.fss.or.kr/fss/cmmn/file/fileDown.do?menuNo=900014&atchFileId=7c9a7b512d00402f8e05e37d1bd5766e&fileSn=3&bbsId=B0000340", "originUrl": "https://www.fss.or.kr/fine/bbs/B0000340/view.do?nttId=127507&menuNo=900014", "contentsKor": "&lt;div class='dbdata'&gt;&lt;img src='https://www.fss.or.kr/cmmn/file/imageSrc.do?fileStreCours=4affe7cb56466a300954a909e1e9d0a342f1ac211295ddd6751b0127ff74d327&streFileNm=e20587c5b2da0b363bf2839cad070ba99fed97886c840605bc5c5b7684d827e513e27cc0df58d0800d2b142a2917067e' alt='' style='width: 670px;'/&gt;&lt;/div&gt;&lt;div class='dbdata'&gt;&lt;img src='https://www.fss.or.kr/cmmn/file/imageSrc.do?fileStreCours=4affe7cb56466a300954a909e1e9d0a342f1ac211295ddd6751b0127ff74d327&streFileNm=c4fddce5a6b867e889f2f1156f7536a7d1b584c6a742d4ff1345c4cbe4c6c3a913e27cc0df58d0800d2b142a2917067e' alt='' style='width: 670px;'/&gt;&lt;/div&gt;&lt;div class='dbdata'&gt;&lt;img src='https://www.fss.or.kr/cmmn/file/imageSrc.do?fileStreCours=4affe7cb56466a300954a909e1e9d0a342f1ac211295ddd6751b0127ff74d327&streFileNm=91944233c61fdea20b4f4804b2fc96a068a5e1c411085a12da88c88fc211f63513e27cc0df58d0800d2b142a2917067e' alt='' style='width: 670px;'/&gt;&lt;/div&gt;&lt;div class='dbdata'&gt;&lt;img src='https://www.fss.or.kr/cmmn/file/imageSrc.do?fileStreCours=4affe7cb56466a300954a909e1e9d0a342f1ac211295ddd6751b0127ff74d327&streFileNm=701abae986a241139ce325abafa446d1423bf12c1860f0df7c49c7f2dd6a35b313e27cc0df58d0800d2b142a2917067e' alt='' style='width: 670px;'/&gt;&lt;/div&gt;&lt;div class='dbdata'&gt;&lt;img src='https://www.fss.or.kr/cmmn/file/imageSrc.do?fileStreCours=4affe7cb56466a300954a909e1e9d0a342f1ac211295ddd6751b0127ff74d327&streFileNm=299d1db86dd93b0ef4e835be573c3508ef69354c8105ac5427e2ba993e5b4fe513e27cc0df58d0800d2b142a2917067e' alt='' style='width: 670px;'/&gt;&lt;/div&gt;&lt;div class='dbdata'&gt;&lt;img src='https://www.fss.or.kr/cmmn/file/imageSrc.do?fileStreCours=4affe7cb56466a300954a909e1e9d0a342f1ac211295ddd6751b0127ff74d327&streFileNm=3de46ac8f3da21a6a1d2f62e5e223561baa96131f185b4f7b3c6a42cf8e6dc7a13e27cc0df58d0800d2b142a2917067e' alt='' style='width: 670px;'/&gt;&lt;/div&gt;&lt;div class='dbdata'&gt;&lt;img src='https://www.fss.or.kr/cmmn/file/imageSrc.do?fileStreCours=4affe7cb56466a300954a909e1e9d0a342f1ac211295ddd6751b0127ff74d327&streFileNm=c3e7b3c9b9796844109a77ad41298568e6218bf98a72d637d19644108890353613e27cc0df58d0800d2b142a2917067e' alt='' style='width: 670px;'/&gt;&lt;/div&gt;&lt;div class='dbdata'&gt;&lt;img src='https://www.fss.or.kr/cmmn/file/imageSrc.do?fileStreCours=4affe7cb56466a300954a909e1e9d0a342f1ac211295ddd6751b0127ff74d327&streFileNm=f7ea9639ccb9e2917701ed5cbd4d6188769040b4e2e9811f4148b45e02edf6ec13e27cc0df58d0800d2b142a2917067e' alt='' style='width: 670px;'/&gt;&lt;/div&gt;&lt;div class='dbdata'&gt;&lt;img src='https://www.fss.or.kr/cmmn/file/imageSrc.do?fileStreCours=4affe7cb56466a300954a909e1e9d0a342f1ac211295ddd6751b0127ff74d327&streFileNm=388f5ac12928a631f7e447d6317cbd424f9eebe920c7473833e991b9e55a241f13e27cc0df58d0800d2b142a2917067e' alt='' style='width: 670px;'/&gt;&lt;/div&gt;&lt;div class='dbdata'&gt;&lt;img src='https://www.fss.or.kr/cmmn/file/imageSrc.do?fileStreCours=4affe7cb56466a300954a909e1e9d0a342f1ac211295ddd6751b0127ff74d327&streFileNm=36ebd233899a263e74096c87b42906b17ca8d4872871dedfa69f2875f316d78a13e27cc0df58d0800d2b142a2917067e' alt='' style='width: 670px;'/&gt;&lt;/div&gt;&lt;div class='dbdata'&gt;&lt;img src='https://www.fss.or.kr/cmmn/file/imageSrc.do?fileStreCours=4affe7cb56466a300954a909e1e9d0a342f1ac211295ddd6751b0127ff74d327&streFileNm=e2de507105d1a4f9b556e86f57300ee35c1bf6cb0bc3e5363405c0897fbeba6c13e27cc0df58d0800d2b142a2917067e' alt='' style='width: 670px;'/&gt;&lt;/div&gt;&lt;div class='dbdata'&gt;&lt;img src='https://www.fss.or.kr/cmmn/file/imageSrc.do?fileStreCours=4affe7cb56466a300954a909e1e9d0a342f1ac211295ddd6751b0127ff74d327&streFileNm=f1401b5aa516b52b3563d2dfa1c16d09fd688da758d4e1697752f9ab69595eac13e27cc0df58d0800d2b142a2917067e' alt='' style='width: 670px;'/&gt;&lt;/div&gt;"}}, {"model": "news.tips", "pk": 8, "fields": {"contentId": "127500", "subject": "급전이 필요하거나 보험료 납입이 부담되어 보험계약 해지를 생각하는 경우, 보험계약대출 등 다른 방안을 먼저 알아보세요.", "atchfileNm": "230104 (보도참고) 조간 - [금융꿀팁200선] 급전이 필요하거나 보험료 납입이 부담되어 보험계약 해지를 생각하는 경우, 보험계약대출 등 다른 방안을 먼저 알아보세요..hwp|금융꿀팁139_언론보도_연합인포맥스.pdf|금융꿀팁139_언론보도_이데일리.pdf", "temp1": "생명보험", "atchfileUrl": "https://www.fss.or.kr/fss/cmmn/file/fileDown.do?menuNo=900014&atchFileId=b3f00661c7ba47e299ac05b283238cf8&fileSn=1&bbsId=B0000340|https://www.fss.or.kr/fss/cmmn/file/fileDown.do?menuNo=900014&atchFileId=b3f00661c7ba47e299ac05b283238cf8&fileSn=2&bbsId=B0000340|https://www.fss.or.kr/fss/cmmn/file/fileDown.do?menuNo=900014&atchFileId=b3f00661c7ba47e299ac05b283238cf8&fileSn=3&bbsId=B0000340", "originUrl": "https://www.fss.or.kr/fine/bbs/B0000340/view.do?nttId=127500&menuNo=900014", "contentsKor": "&lt;div class='dbdata'&gt;&lt;img src='https://www.fss.or.kr/cmmn/file/imageSrc.do?fileStreCours=4affe7cb56466a300954a909e1e9d0a342f1ac211295ddd6751b0127ff74d327&streFileNm=6a343c0fda9c087765a1d13b6848ce88a6a0c5f931a0834ff782c91721b6492013e27cc0df58d0800d2b142a2917067e' alt='' style='width: 670px;'/&gt;&lt;/div&gt;&lt;div class='dbdata'&gt;&lt;img src='https://www.fss.or.kr/cmmn/file/imageSrc.do?fileStreCours=4affe7cb56466a300954a909e1e9d0a342f1ac211295ddd6751b0127ff74d327&streFileNm=695374e030d6d8a0fd631c838fcb7997d49901e53fa9abee1a5d8b158c7b884113e27cc0df58d0800d2b142a2917067e' alt='' style='width: 670px;'/&gt;&lt;/div&gt;&lt;div class='dbdata'&gt;&lt;img src='https://www.fss.or.kr/cmmn/file/imageSrc.do?fileStreCours=4affe7cb56466a300954a909e1e9d0a342f1ac211295ddd6751b0127ff74d327&streFileNm=3ff067467fe7a902997b1ad7053516923104b016bb9deb1ca6a29c4bc7a36e5013e27cc0df58d0800d2b142a2917067e' alt='' style='width: 670px;'/&gt;&lt;/div&gt;&lt;div class='dbdata'&gt;&lt;img src='https://www.fss.or.kr/cmmn/file/imageSrc.do?fileStreCours=4affe7cb56466a300954a909e1e9d0a342f1ac211295ddd6751b0127ff74d327&streFileNm=74cdf1e27496c9537d60f6fc8d627d0a8d36f5e8c696939b036eae496d6b8dc313e27cc0df58d0800d2b142a2917067e' alt='' style='width: 670px;'/&gt;&lt;/div&gt;&lt;div class='dbdata'&gt;&lt;img src='https://www.fss.or.kr/cmmn/file/imageSrc.do?fileStreCours=4affe7cb56466a300954a909e1e9d0a342f1ac211295ddd6751b0127ff74d327&streFileNm=d24baf2900a661a0e619322dc4cb585a0d7018d36d15219a824a2a431d6f929913e27cc0df58d0800d2b142a2917067e' alt='' style='width: 670px;'/&gt;&lt;/div&gt;&lt;div class='dbdata'&gt;&lt;img src='https://www.fss.or.kr/cmmn/file/imageSrc.do?fileStreCours=4affe7cb56466a300954a909e1e9d0a342f1ac211295ddd6751b0127ff74d327&streFileNm=1d7b549f833815166f68fb7b581cf74b50f3fc707d154e874972bb3da91608b613e27cc0df58d0800d2b142a2917067e' alt='' style='width: 670px;'/&gt;&lt;/div&gt;&lt;div class='dbdata'&gt;&lt;img src='https://www.fss.or.kr/cmmn/file/imageSrc.do?fileStreCours=4affe7cb56466a300954a909e1e9d0a342f1ac211295ddd6751b0127ff74d327&streFileNm=a356c8391ffc41e65b17769bb0e88c6bcc6cf617cabb8922ed645d9b30f5eeb013e27cc0df58d0800d2b142a2917067e' alt='' style='width: 670px;'/&gt;&lt;/div&gt;&lt;div class='dbdata'&gt;&lt;img src='https://www.fss.or.kr/cmmn/file/imageSrc.do?fileStreCours=4affe7cb56466a300954a909e1e9d0a342f1ac211295ddd6751b0127ff74d327&streFileNm=dea1ac06b06b03b9f759b7ede832262bd306b75c81b280786410e99aa21ec0b413e27cc0df58d0800d2b142a2917067e' alt='' style='width: 670px;'/&gt;&lt;/div&gt;&lt;div class='dbdata'&gt;&lt;img src='https://www.fss.or.kr/cmmn/file/imageSrc.do?fileStreCours=4affe7cb56466a300954a909e1e9d0a342f1ac211295ddd6751b0127ff74d327&streFileNm=4609db9d9bf5c91e87d724b92eaa44e34ea578b09d63332f468280c0df941a2b13e27cc0df58d0800d2b142a2917067e' alt='' style='width: 670px;'/&gt;&lt;/div&gt;&lt;div class='dbdata'&gt;&lt;img src='https://www.fss.or.kr/cmmn/file/imageSrc.do?fileStreCours=4affe7cb56466a300954a909e1e9d0a342f1ac211295ddd6751b0127ff74d327&streFileNm=bb6094346273ef10c5b231cc0590df1b02c27afe7602bbdfc602dc7c76ec2b5813e27cc0df58d0800d2b142a2917067e' alt='' style='width: 670px;'/&gt;&lt;/div&gt;&lt;div class='dbdata'&gt;&lt;img src='https://www.fss.or.kr/cmmn/file/imageSrc.do?fileStreCours=4affe7cb56466a300954a909e1e9d0a342f1ac211295ddd6751b0127ff74d327&streFileNm=c2accca504bc2b8ab20e4992e7c12d4df21176ec9f4eed25a0bbad8b98037e7313e27cc0df58d0800d2b142a2917067e' alt='' style='width: 670px;'/&gt;&lt;/div&gt;&lt;div class='dbdata'&gt;&lt;img src='https://www.fss.or.kr/cmmn/file/imageSrc.do?fileStreCours=4affe7cb56466a300954a909e1e9d0a342f1ac211295ddd6751b0127ff74d327&streFileNm=dd59294669b2419c97be03474d4a34dcca5d5ae52854e9a67113a281e243038e13e27cc0df58d0800d2b142a2917067e' alt='' style='width: 670px;'/&gt;&lt;/div&gt;&lt;div class='dbdata'&gt;&lt;img src='https://www.fss.or.kr/cmmn/file/imageSrc.do?fileStreCours=4affe7cb56466a300954a909e1e9d0a342f1ac211295ddd6751b0127ff74d327&streFileNm=2e78d0baa9dff517f9408c06beaa1f8855f27f96e48f597f9db2356186d2e8e713e27cc0df58d0800d2b142a2917067e' alt='' style='width: 670px;'/&gt;&lt;/div&gt;"}}, {"model": "news.tips", "pk": 9, "fields": {"contentId": "59668", "subject": "개인형IRP 개설&#8228;운용시 알아두어야 할 사항", "atchfileNm": "221213 (보도참고) [금융꿀팁 200선] 개인형IRP 개설.운용시 알아두어야 할 사항.hwp|금융꿀팁138_언론보도_머니투데이.pdf|금융꿀팁138_언론보도_이데일리.pdf", "temp1": "공통", "atchfileUrl": "https://www.fss.or.kr/fss/cmmn/file/fileDown.do?menuNo=900014&atchFileId=8a800714c2e9d68a7ced2cab5205dba1&fileSn=1&bbsId=B0000340|https://www.fss.or.kr/fss/cmmn/file/fileDown.do?menuNo=900014&atchFileId=8a800714c2e9d68a7ced2cab5205dba1&fileSn=2&bbsId=B0000340|https://www.fss.or.kr/fss/cmmn/file/fileDown.do?menuNo=900014&atchFileId=8a800714c2e9d68a7ced2cab5205dba1&fileSn=3&bbsId=B0000340", "originUrl": "https://www.fss.or.kr/fine/bbs/B0000340/view.do?nttId=59668&menuNo=900014", "contentsKor": "&lt;div class='dbdata'&gt;&lt;img src='https://www.fss.or.kr/cmmn/file/imageSrc.do?fileStreCours=4affe7cb56466a300954a909e1e9d0a35dc3dd070d8744666c9c1d7d9546ae59&streFileNm=fff03a799dc74882a6570053c8312e40c20300e70862a2a0a45255c07741ed4513e27cc0df58d0800d2b142a2917067e' alt='' style='width: 670px;'/&gt;&lt;/div&gt;&lt;div class='dbdata'&gt;&lt;img src='https://www.fss.or.kr/cmmn/file/imageSrc.do?fileStreCours=4affe7cb56466a300954a909e1e9d0a35dc3dd070d8744666c9c1d7d9546ae59&streFileNm=ef3cbbd39a525c2de9aabe4250a70264e410919a020f79a87d54314a2292070213e27cc0df58d0800d2b142a2917067e' alt='' style='width: 670px;'/&gt;&lt;/div&gt;&lt;div class='dbdata'&gt;&lt;img src='https://www.fss.or.kr/cmmn/file/imageSrc.do?fileStreCours=4affe7cb56466a300954a909e1e9d0a35dc3dd070d8744666c9c1d7d9546ae59&streFileNm=72542f5f1d35bd4573c52952b25ba26fb8ed71f4b584c7f160336f53a6fef20413e27cc0df58d0800d2b142a2917067e' alt='' style='width: 670px;'/&gt;&lt;/div&gt;&lt;div class='dbdata'&gt;&lt;img src='https://www.fss.or.kr/cmmn/file/imageSrc.do?fileStreCours=4affe7cb56466a300954a909e1e9d0a35dc3dd070d8744666c9c1d7d9546ae59&streFileNm=1fee3bfaed2aa0ab149ff67cf8147972bb409b90dda61c240f3ca77c09f8e7bc13e27cc0df58d0800d2b142a2917067e' alt='' style='width: 670px;'/&gt;&lt;/div&gt;&lt;div class='dbdata'&gt;&lt;img src='https://www.fss.or.kr/cmmn/file/imageSrc.do?fileStreCours=4affe7cb56466a300954a909e1e9d0a35dc3dd070d8744666c9c1d7d9546ae59&streFileNm=82aaa983aa38d6e61831d5f4c341b383f064266997a31c5a89feee4455ee54ff13e27cc0df58d0800d2b142a2917067e' alt='' style='width: 670px;'/&gt;&lt;/div&gt;&lt;div class='dbdata'&gt;&lt;img src='https://www.fss.or.kr/cmmn/file/imageSrc.do?fileStreCours=4affe7cb56466a300954a909e1e9d0a35dc3dd070d8744666c9c1d7d9546ae59&streFileNm=3440d2997738c8cc0fdf441376346949efde2c49ff0181ea354631ef0954672413e27cc0df58d0800d2b142a2917067e' alt='' style='width: 670px;'/&gt;&lt;/div&gt;&lt;div class='dbdata'&gt;&lt;img src='https://www.fss.or.kr/cmmn/file/imageSrc.do?fileStreCours=4affe7cb56466a300954a909e1e9d0a35dc3dd070d8744666c9c1d7d9546ae59&streFileNm=ade173e2fc4cf7cca1dc2d830bc62c33b5d893415af4886de7158eb650db433713e27cc0df58d0800d2b142a2917067e' alt='' style='width: 670px;'/&gt;&lt;/div&gt;&lt;div class='dbdata'&gt;&lt;img src='https://www.fss.or.kr/cmmn/file/imageSrc.do?fileStreCours=4affe7cb56466a300954a909e1e9d0a35dc3dd070d8744666c9c1d7d9546ae59&streFileNm=aa87428f26296a27cbfef38258d321edd9ab08f6efbcfed95c31d6fb75c0bcf013e27cc0df58d0800d2b142a2917067e' alt='' style='width: 670px;'/&gt;&lt;/div&gt;&lt;div class='dbdata'&gt;&lt;img src='https://www.fss.or.kr/cmmn/file/imageSrc.do?fileStreCours=4affe7cb56466a300954a909e1e9d0a35dc3dd070d8744666c9c1d7d9546ae59&streFileNm=5615e9c67b6964da9edfa91ff48f607bd38617bdaabc4419ee188a43e314c6f513e27cc0df58d0800d2b142a2917067e' alt='' style='width: 670px;'/&gt;&lt;/div&gt;&lt;div class='dbdata'&gt;&lt;img src='https://www.fss.or.kr/cmmn/file/imageSrc.do?fileStreCours=4affe7cb56466a300954a909e1e9d0a35dc3dd070d8744666c9c1d7d9546ae59&streFileNm=73b7ba460010a11674726deec06cf642f8f76099aac722633d8d281d4c834bd813e27cc0df58d0800d2b142a2917067e' alt='' style='width: 670px;'/&gt;&lt;/div&gt;&lt;div class='dbdata'&gt;&lt;img src='https://www.fss.or.kr/cmmn/file/imageSrc.do?fileStreCours=4affe7cb56466a300954a909e1e9d0a35dc3dd070d8744666c9c1d7d9546ae59&streFileNm=88ce0f604b33494ece453cd7bd56f2cf4668e1377222d32c73ac92f20f5b97f313e27cc0df58d0800d2b142a2917067e' alt='' style='width: 670px;'/&gt;&lt;/div&gt;&lt;div class='dbdata'&gt;&lt;img src='https://www.fss.or.kr/cmmn/file/imageSrc.do?fileStreCours=4affe7cb56466a300954a909e1e9d0a35dc3dd070d8744666c9c1d7d9546ae59&streFileNm=ce7d3fe36ec140b9b36f25d9825a3ab389731c6dd16217074136a26fc3b1fe2613e27cc0df58d0800d2b142a2917067e' alt='' style='width: 670px;'/&gt;&lt;/div&gt;&lt;div class='dbdata'&gt;&lt;img src='https://www.fss.or.kr/cmmn/file/imageSrc.do?fileStreCours=4affe7cb56466a300954a909e1e9d0a35dc3dd070d8744666c9c1d7d9546ae59&streFileNm=45928069cac51eda1bc8fe5729cc02843759bd44176620ebf0af8b1f1de5ac8213e27cc0df58d0800d2b142a2917067e' alt='' style='width: 670px;'/&gt;&lt;/div&gt;&lt;div class='dbdata'&gt;&lt;img src='https://www.fss.or.kr/cmmn/file/imageSrc.do?fileStreCours=4affe7cb56466a300954a909e1e9d0a35dc3dd070d8744666c9c1d7d9546ae59&streFileNm=5a51afb639c38b52b31548e68d445574340382312d522901603a4c37cba2b2fe13e27cc0df58d0800d2b142a2917067e' alt='' style='width: 670px;'/&gt;&lt;/div&gt;&lt;div class='dbdata'&gt;&lt;img src='https://www.fss.or.kr/cmmn/file/imageSrc.do?fileStreCours=4affe7cb56466a300954a909e1e9d0a35dc3dd070d8744666c9c1d7d9546ae59&streFileNm=fc8015f1a50286806e8b9d81a31ac56f4514c6b67eaca575df8ce6047edadc0813e27cc0df58d0800d2b142a2917067e' alt='' style='width: 670px;'/&gt;&lt;/div&gt;&lt;div class='dbdata'&gt;&lt;img src='https://www.fss.or.kr/cmmn/file/imageSrc.do?fileStreCours=4affe7cb56466a300954a909e1e9d0a35dc3dd070d8744666c9c1d7d9546ae59&streFileNm=a477f4e6ede70aa53647ebbf868dbfa23577bbbe5eb0b946100466823fc06dfc13e27cc0df58d0800d2b142a2917067e' alt='' style='width: 670px;'/&gt;&lt;/div&gt;&lt;div class='dbdata'&gt;&lt;img src='https://www.fss.or.kr/cmmn/file/imageSrc.do?fileStreCours=4affe7cb56466a300954a909e1e9d0a35dc3dd070d8744666c9c1d7d9546ae59&streFileNm=333b8fc4f5604e0182893de73901668a8265c9e09f8ce9de94ac82671912a3a613e27cc0df58d0800d2b142a2917067e' alt='' style='width: 670px;'/&gt;&lt;/div&gt;"}}, {"model": "news.tips", "pk": 10, "fields": {"contentId": "59667", "subject": "고령자·장애인에게 유익한 금융상품 정보를 알려드립니다.", "atchfileNm": "221208 (보도자료) 조간_[금융꿀팁200선] 고령자.장애인에게 유익한 금융상품 정보를 알려드립니다.m.hwp|금융꿀팁137_언론보도_뉴스1.pdf|금융꿀팁137_언론보도_서울파이낸스.pdf", "temp1": "금융소비자보호", "atchfileUrl": "https://www.fss.or.kr/fss/cmmn/file/fileDown.do?menuNo=900014&atchFileId=48309d8bc549d2219aa48ccab6c60bca&fileSn=1&bbsId=B0000340|https://www.fss.or.kr/fss/cmmn/file/fileDown.do?menuNo=900014&atchFileId=48309d8bc549d2219aa48ccab6c60bca&fileSn=2&bbsId=B0000340|https://www.fss.or.kr/fss/cmmn/file/fileDown.do?menuNo=900014&atchFileId=48309d8bc549d2219aa48ccab6c60bca&fileSn=3&bbsId=B0000340", "originUrl": "https://www.fss.or.kr/fine/bbs/B0000340/view.do?nttId=59667&menuNo=900014", "contentsKor": "&lt;div class='dbdata'&gt;&lt;img src='https://www.fss.or.kr/cmmn/file/imageSrc.do?fileStreCours=a18c96cfe5b5c78c7cf4af787cbbb446ece15a919db595c14a79f680fc99d630&streFileNm=e87ef102c02a775847dcabad3f99a99c9a46e62348d0f8a0223a90c349d6123413e27cc0df58d0800d2b142a2917067e' alt='' style='width: 670px;'/&gt;&lt;/div&gt;&lt;div class='dbdata'&gt;&lt;img src='https://www.fss.or.kr/cmmn/file/imageSrc.do?fileStreCours=a18c96cfe5b5c78c7cf4af787cbbb446ece15a919db595c14a79f680fc99d630&streFileNm=01ab12c26dc2dfbc26b44cc48d22284c3acb5db8ccf955cd8409f4880beb37ae13e27cc0df58d0800d2b142a2917067e' alt='' style='width: 670px;'/&gt;&lt;/div&gt;&lt;div class='dbdata'&gt;&lt;img src='https://www.fss.or.kr/cmmn/file/imageSrc.do?fileStreCours=a18c96cfe5b5c78c7cf4af787cbbb446ece15a919db595c14a79f680fc99d630&streFileNm=5ee9a58c1e917457d7c1ed326802a7b145e9456c617997976218ba11f46fd9ae13e27cc0df58d0800d2b142a2917067e' alt='' style='width: 670px;'/&gt;&lt;/div&gt;&lt;div class='dbdata'&gt;&lt;img src='https://www.fss.or.kr/cmmn/file/imageSrc.do?fileStreCours=a18c96cfe5b5c78c7cf4af787cbbb446ece15a919db595c14a79f680fc99d630&streFileNm=aea42562e379766f6a4060067141205a55d5a5bf8e6dac07ecb46b6ad323cb5313e27cc0df58d0800d2b142a2917067e' alt='' style='width: 670px;'/&gt;&lt;/div&gt;&lt;div class='dbdata'&gt;&lt;img src='https://www.fss.or.kr/cmmn/file/imageSrc.do?fileStreCours=a18c96cfe5b5c78c7cf4af787cbbb446ece15a919db595c14a79f680fc99d630&streFileNm=5773a659b86115e8521794c5b61336409e06356393699b6864797c0c46b182ee13e27cc0df58d0800d2b142a2917067e' alt='' style='width: 670px;'/&gt;&lt;/div&gt;&lt;div class='dbdata'&gt;&lt;img src='https://www.fss.or.kr/cmmn/file/imageSrc.do?fileStreCours=a18c96cfe5b5c78c7cf4af787cbbb446ece15a919db595c14a79f680fc99d630&streFileNm=5d0e898d91c5785766e105cf5666524efc9182d2ace44363c2bdadcba8b2a81013e27cc0df58d0800d2b142a2917067e' alt='' style='width: 670px;'/&gt;&lt;/div&gt;&lt;div class='dbdata'&gt;&lt;img src='https://www.fss.or.kr/cmmn/file/imageSrc.do?fileStreCours=a18c96cfe5b5c78c7cf4af787cbbb446ece15a919db595c14a79f680fc99d630&streFileNm=ba9ef27540dfa7a9a4a94ec468935951a823bb8cb3fe4ffc867a8a16becc7e7213e27cc0df58d0800d2b142a2917067e' alt='' style='width: 670px;'/&gt;&lt;/div&gt;&lt;div class='dbdata'&gt;&lt;img src='https://www.fss.or.kr/cmmn/file/imageSrc.do?fileStreCours=a18c96cfe5b5c78c7cf4af787cbbb446ece15a919db595c14a79f680fc99d630&streFileNm=5ea52aafd313d276a792fde2dd146119bf7c1d7b123f848650a4b1c5e619a99113e27cc0df58d0800d2b142a2917067e' alt='' style='width: 670px;'/&gt;&lt;/div&gt;&lt;div class='dbdata'&gt;&lt;img src='https://www.fss.or.kr/cmmn/file/imageSrc.do?fileStreCours=a18c96cfe5b5c78c7cf4af787cbbb446ece15a919db595c14a79f680fc99d630&streFileNm=9979ce259cbef91da32d2281ef21faf660427f55a4acc069e38c7f97ce92643113e27cc0df58d0800d2b142a2917067e' alt='' style='width: 670px;'/&gt;&lt;/div&gt;&lt;div class='dbdata'&gt;&lt;img src='https://www.fss.or.kr/cmmn/file/imageSrc.do?fileStreCours=a18c96cfe5b5c78c7cf4af787cbbb446ece15a919db595c14a79f680fc99d630&streFileNm=79cf9b571cf3be80a3ab3bad396796b9482c9fd0964badbd161c9b0ccdfb8a5713e27cc0df58d0800d2b142a2917067e' alt='' style='width: 670px;'/&gt;&lt;/div&gt;&lt;div class='dbdata'&gt;&lt;img src='https://www.fss.or.kr/cmmn/file/imageSrc.do?fileStreCours=a18c96cfe5b5c78c7cf4af787cbbb446ece15a919db595c14a79f680fc99d630&streFileNm=1b806146006a44354176ae6268175224b79bd42d16c290ccec350ef7f161cb5413e27cc0df58d0800d2b142a2917067e' alt='' style='width: 670px;'/&gt;&lt;/div&gt;&lt;div class='dbdata'&gt;&lt;img src='https://www.fss.or.kr/cmmn/file/imageSrc.do?fileStreCours=a18c96cfe5b5c78c7cf4af787cbbb446ece15a919db595c14a79f680fc99d630&streFileNm=650779650f57daa979300c68a03614120155e4e516604cb957154afd22a317e313e27cc0df58d0800d2b142a2917067e' alt='' style='width: 670px;'/&gt;&lt;/div&gt;&lt;div class='dbdata'&gt;&lt;img src='https://www.fss.or.kr/cmmn/file/imageSrc.do?fileStreCours=a18c96cfe5b5c78c7cf4af787cbbb446ece15a919db595c14a79f680fc99d630&streFileNm=93ad6dc75fd2b19d7ac490b33aae917e716ca027fc78c692fa1850baaa26214513e27cc0df58d0800d2b142a2917067e' alt='' style='width: 670px;'/&gt;&lt;/div&gt;&lt;div class='dbdata'&gt;&lt;img src='https://www.fss.or.kr/cmmn/file/imageSrc.do?fileStreCours=a18c96cfe5b5c78c7cf4af787cbbb446ece15a919db595c14a79f680fc99d630&streFileNm=15bb84fdc69d01f65274c0be2d846c4f42e38b392fb4803acbea07ea31fcefbe13e27cc0df58d0800d2b142a2917067e' alt='' style='width: 670px;'/&gt;&lt;/div&gt;&lt;div class='dbdata'&gt;&lt;img src='https://www.fss.or.kr/cmmn/file/imageSrc.do?fileStreCours=a18c96cfe5b5c78c7cf4af787cbbb446ece15a919db595c14a79f680fc99d630&streFileNm=67fbd3aa92ebe39e48119387baf0a5ee6f141e0c23c3325fffce945e5d51d1a913e27cc0df58d0800d2b142a2917067e' alt='' style='width: 670px;'/&gt;&lt;/div&gt;&lt;div class='dbdata'&gt;&lt;img src='https://www.fss.or.kr/cmmn/file/imageSrc.do?fileStreCours=a18c96cfe5b5c78c7cf4af787cbbb446ece15a919db595c14a79f680fc99d630&streFileNm=099e47c9cc2af5d87437e75f4cfdf7865b4a956e5d2a4ce2337c568e65904a1613e27cc0df58d0800d2b142a2917067e' alt='' style='width: 670px;'/&gt;&lt;/div&gt;&lt;div class='dbdata'&gt;&lt;img src='https://www.fss.or.kr/cmmn/file/imageSrc.do?fileStreCours=a18c96cfe5b5c78c7cf4af787cbbb446ece15a919db595c14a79f680fc99d630&streFileNm=80182e97e3e53e92ba54e79a8e3fbf3c55d7b5b68bb4f49279136c15ed25e0dc13e27cc0df58d0800d2b142a2917067e' alt='' style='width: 670px;'/&gt;&lt;/div&gt;"}}, {"model": "news.tips", "pk": 11, "fields": {"contentId": "59666", "subject": "소중한 전세보증금, 안전하게 지키세요-전세 계약시 유의사항 및 전세보증금 반환보증 활용법", "atchfileNm": "221206 (보도참고) 조간_[금융꿀팁 200선] 소중한 전세보증금, 안전하게 지키세요. - 전세 계약시 유의사항 및 전세보증금 반환보증 활용법 -.hwp|금융꿀팁136_언론보도_NEWSIS.pdf", "temp1": "은행", "atchfileUrl": "https://www.fss.or.kr/fss/cmmn/file/fileDown.do?menuNo=900014&atchFileId=abb52c88619c639d21090e10e0964333&fileSn=1&bbsId=B0000340|https://www.fss.or.kr/fss/cmmn/file/fileDown.do?menuNo=900014&atchFileId=abb52c88619c639d21090e10e0964333&fileSn=2&bbsId=B0000340", "originUrl": "https://www.fss.or.kr/fine/bbs/B0000340/view.do?nttId=59666&menuNo=900014", "contentsKor": "&lt;div class='dbdata'&gt;&lt;img src='https://www.fss.or.kr/cmmn/file/imageSrc.do?fileStreCours=a18c96cfe5b5c78c7cf4af787cbbb446ece15a919db595c14a79f680fc99d630&streFileNm=5465d13ff2900095ca91d0aabdae968530511fc286e2516ea11980dc597878e113e27cc0df58d0800d2b142a2917067e' alt='' style='width: 670px;'/&gt;&lt;/div&gt;&lt;div class='dbdata'&gt;&lt;img src='https://www.fss.or.kr/cmmn/file/imageSrc.do?fileStreCours=a18c96cfe5b5c78c7cf4af787cbbb446ece15a919db595c14a79f680fc99d630&streFileNm=193e28ff0304452f167130ea36d5bbe64a90867d9e770d2025070ffa6dbfafce13e27cc0df58d0800d2b142a2917067e' alt='' style='width: 670px;'/&gt;&lt;/div&gt;&lt;div class='dbdata'&gt;&lt;img src='https://www.fss.or.kr/cmmn/file/imageSrc.do?fileStreCours=a18c96cfe5b5c78c7cf4af787cbbb446ece15a919db595c14a79f680fc99d630&streFileNm=15984863f0c995455fd2fb3f1504c2bf839c0f37c03cf000be11047e3f39fe9613e27cc0df58d0800d2b142a2917067e' alt='' style='width: 670px;'/&gt;&lt;/div&gt;&lt;div class='dbdata'&gt;&lt;img src='https://www.fss.or.kr/cmmn/file/imageSrc.do?fileStreCours=a18c96cfe5b5c78c7cf4af787cbbb446ece15a919db595c14a79f680fc99d630&streFileNm=ce90b3a0c07df59af63dc385ea1e8e15fe1688453872db6f76fc5c3563be3ccd13e27cc0df58d0800d2b142a2917067e' alt='' style='width: 670px;'/&gt;&lt;/div&gt;&lt;div class='dbdata'&gt;&lt;img src='https://www.fss.or.kr/cmmn/file/imageSrc.do?fileStreCours=a18c96cfe5b5c78c7cf4af787cbbb446ece15a919db595c14a79f680fc99d630&streFileNm=9f2af522521f7db9580b63d2e5567b21751215434dc04ca6543077183a91b39413e27cc0df58d0800d2b142a2917067e' alt='' style='width: 670px;'/&gt;&lt;/div&gt;&lt;div class='dbdata'&gt;&lt;img src='https://www.fss.or.kr/cmmn/file/imageSrc.do?fileStreCours=a18c96cfe5b5c78c7cf4af787cbbb446ece15a919db595c14a79f680fc99d630&streFileNm=5988ed438d059654e7c8e951d7bd5165fb13c7c84603b59c59043b0144fd33e513e27cc0df58d0800d2b142a2917067e' alt='' style='width: 670px;'/&gt;&lt;/div&gt;&lt;div class='dbdata'&gt;&lt;img src='https://www.fss.or.kr/cmmn/file/imageSrc.do?fileStreCours=a18c96cfe5b5c78c7cf4af787cbbb446ece15a919db595c14a79f680fc99d630&streFileNm=b9d3cf4c50ac80727e03fbc5ccee2b06bcb8c7a67b127ee634857e8e8c70fdd913e27cc0df58d0800d2b142a2917067e' alt='' style='width: 670px;'/&gt;&lt;/div&gt;&lt;div class='dbdata'&gt;&lt;img src='https://www.fss.or.kr/cmmn/file/imageSrc.do?fileStreCours=a18c96cfe5b5c78c7cf4af787cbbb446ece15a919db595c14a79f680fc99d630&streFileNm=c1bf16ee5f1a8bf90624b3b182fda203bebd5b26afe45e6fcca53facae88f8cb13e27cc0df58d0800d2b142a2917067e' alt='' style='width: 670px;'/&gt;&lt;/div&gt;&lt;div class='dbdata'&gt;&lt;img src='https://www.fss.or.kr/cmmn/file/imageSrc.do?fileStreCours=a18c96cfe5b5c78c7cf4af787cbbb446ece15a919db595c14a79f680fc99d630&streFileNm=1d4ecb085d6e9af05dfc7377456ee89c39467670c3dda1e084c01021581cb22d13e27cc0df58d0800d2b142a2917067e' alt='' style='width: 670px;'/&gt;&lt;/div&gt;"}}, {"model": "news.tips", "pk": 12, "fields": {"contentId": "59665", "subject": "퇴직연금 DB형·DC형 선택&#8228;전환시 유의사항", "atchfileNm": "221122 (보도자료) 금융꿀팁 200선_퇴직연금 DB형, DC형 선택, 전환시 유의사항.hwp|금융꿀팁135_언론보도_이투데이.pdf|금융꿀팁135_언론보도_중앙일보.pdf", "temp1": "공통", "atchfileUrl": "https://www.fss.or.kr/fss/cmmn/file/fileDown.do?menuNo=900014&atchFileId=16582a7687bccb5e4ab72984e79138ac&fileSn=1&bbsId=B0000340|https://www.fss.or.kr/fss/cmmn/file/fileDown.do?menuNo=900014&atchFileId=16582a7687bccb5e4ab72984e79138ac&fileSn=2&bbsId=B0000340|https://www.fss.or.kr/fss/cmmn/file/fileDown.do?menuNo=900014&atchFileId=16582a7687bccb5e4ab72984e79138ac&fileSn=3&bbsId=B0000340", "originUrl": "https://www.fss.or.kr/fine/bbs/B0000340/view.do?nttId=59665&menuNo=900014", "contentsKor": "&lt;div class='dbdata'&gt;&lt;img src='https://www.fss.or.kr/cmmn/file/imageSrc.do?fileStreCours=a18c96cfe5b5c78c7cf4af787cbbb446ece15a919db595c14a79f680fc99d630&streFileNm=180bb22c58a0b41c17ce0b8d06aeda0069d50402975a3257fe74f0d205663fbb13e27cc0df58d0800d2b142a2917067e' alt='' style='width: 670px;'/&gt;&lt;/div&gt;&lt;div class='dbdata'&gt;&lt;img src='https://www.fss.or.kr/cmmn/file/imageSrc.do?fileStreCours=a18c96cfe5b5c78c7cf4af787cbbb446ece15a919db595c14a79f680fc99d630&streFileNm=1bc0ce836c266e97e7f45f3299e0ca4b330bacbb45091aa3c07639aff894889e13e27cc0df58d0800d2b142a2917067e' alt='' style='width: 670px;'/&gt;&lt;/div&gt;&lt;div class='dbdata'&gt;&lt;img src='https://www.fss.or.kr/cmmn/file/imageSrc.do?fileStreCours=a18c96cfe5b5c78c7cf4af787cbbb446ece15a919db595c14a79f680fc99d630&streFileNm=8e02e20d574469911291dd1e9f3684302246638f95a91597282f4e1dd7e69c6f13e27cc0df58d0800d2b142a2917067e' alt='' style='width: 670px;'/&gt;&lt;/div&gt;&lt;div class='dbdata'&gt;&lt;img src='https://www.fss.or.kr/cmmn/file/imageSrc.do?fileStreCours=a18c96cfe5b5c78c7cf4af787cbbb446ece15a919db595c14a79f680fc99d630&streFileNm=862fd7264b2289f5f7c07eee290054512e3bc131c2e8edea58523fbcfd377c5313e27cc0df58d0800d2b142a2917067e' alt='' style='width: 670px;'/&gt;&lt;/div&gt;&lt;div class='dbdata'&gt;&lt;img src='https://www.fss.or.kr/cmmn/file/imageSrc.do?fileStreCours=a18c96cfe5b5c78c7cf4af787cbbb446ece15a919db595c14a79f680fc99d630&streFileNm=7566800e19652afe530bcf376b1431f4277780c50fd02a5c7bf9d6fc667e616513e27cc0df58d0800d2b142a2917067e' alt='' style='width: 670px;'/&gt;&lt;/div&gt;&lt;div class='dbdata'&gt;&lt;img src='https://www.fss.or.kr/cmmn/file/imageSrc.do?fileStreCours=a18c96cfe5b5c78c7cf4af787cbbb446ece15a919db595c14a79f680fc99d630&streFileNm=6c1b080dfc77725c316ff29ead05322efaee9898ab4c9a78844a3e6d8f67796f13e27cc0df58d0800d2b142a2917067e' alt='' style='width: 670px;'/&gt;&lt;/div&gt;&lt;div class='dbdata'&gt;&lt;img src='https://www.fss.or.kr/cmmn/file/imageSrc.do?fileStreCours=a18c96cfe5b5c78c7cf4af787cbbb446ece15a919db595c14a79f680fc99d630&streFileNm=9f2a64ca40ce2739a013a572d9f72751b50f2fa24378dae9c98a1ad178cecf7613e27cc0df58d0800d2b142a2917067e' alt='' style='width: 670px;'/&gt;&lt;/div&gt;&lt;div class='dbdata'&gt;&lt;img src='https://www.fss.or.kr/cmmn/file/imageSrc.do?fileStreCours=a18c96cfe5b5c78c7cf4af787cbbb446ece15a919db595c14a79f680fc99d630&streFileNm=750b5fadd1551d6c37d70ed280205e87b76aac7acb4a4824b945f5bf8ce92d3613e27cc0df58d0800d2b142a2917067e' alt='' style='width: 670px;'/&gt;&lt;/div&gt;&lt;div class='dbdata'&gt;&lt;img src='https://www.fss.or.kr/cmmn/file/imageSrc.do?fileStreCours=a18c96cfe5b5c78c7cf4af787cbbb446ece15a919db595c14a79f680fc99d630&streFileNm=8e4594cc512bd0c16bbb2884b37b3211a5101f7353aff12252075b92bac248a913e27cc0df58d0800d2b142a2917067e' alt='' style='width: 670px;'/&gt;&lt;/div&gt;&lt;div class='dbdata'&gt;&lt;img src='https://www.fss.or.kr/cmmn/file/imageSrc.do?fileStreCours=a18c96cfe5b5c78c7cf4af787cbbb446ece15a919db595c14a79f680fc99d630&streFileNm=e3899c2c9e7add19346176ed4d353a3207e5bdb849463b4534f62b7c3ebe14b913e27cc0df58d0800d2b142a2917067e' alt='' style='width: 670px;'/&gt;&lt;/div&gt;&lt;div class='dbdata'&gt;&lt;img src='https://www.fss.or.kr/cmmn/file/imageSrc.do?fileStreCours=a18c96cfe5b5c78c7cf4af787cbbb446ece15a919db595c14a79f680fc99d630&streFileNm=f361693e8be072ed2cb9d0e7a2ffab1e0eae22fb506704b5e72d793e03bbb50c13e27cc0df58d0800d2b142a2917067e' alt='' style='width: 670px;'/&gt;&lt;/div&gt;&lt;div class='dbdata'&gt;&lt;img src='https://www.fss.or.kr/cmmn/file/imageSrc.do?fileStreCours=a18c96cfe5b5c78c7cf4af787cbbb446ece15a919db595c14a79f680fc99d630&streFileNm=695db2ba5ea0e621fdc52d720256ec3e4616ed221abf6afa7784df50d9eca1e613e27cc0df58d0800d2b142a2917067e' alt='' style='width: 670px;'/&gt;&lt;/div&gt;&lt;div class='dbdata'&gt;&lt;img src='https://www.fss.or.kr/cmmn/file/imageSrc.do?fileStreCours=a18c96cfe5b5c78c7cf4af787cbbb446ece15a919db595c14a79f680fc99d630&streFileNm=b7e35221936db46230137b6d9eb566f4e9fbf1ec430ad2887151e00c194aec9213e27cc0df58d0800d2b142a2917067e' alt='' style='width: 670px;'/&gt;&lt;/div&gt;"}}, {"model": "news.tips", "pk": 13, "fields": {"contentId": "59664", "subject": "생활속 보험사기 예방요령 일상으로 스며든 보험사기, 제안하면 거절하고! 발견하면 신고하고!", "atchfileNm": "221116 (보도참고) 조간_[금융꿀팁 200선] 생활속 보험사기 예방요령.hwp|금융꿀팁_134_언론보도_MTN.pdf|금융꿀팁_134_언론보도_서울경제.pdf", "temp1": "불법금융대응", "atchfileUrl": "https://www.fss.or.kr/fss/cmmn/file/fileDown.do?menuNo=900014&atchFileId=a7218c2da36327510d5bead98658756c&fileSn=1&bbsId=B0000340|https://www.fss.or.kr/fss/cmmn/file/fileDown.do?menuNo=900014&atchFileId=a7218c2da36327510d5bead98658756c&fileSn=2&bbsId=B0000340|https://www.fss.or.kr/fss/cmmn/file/fileDown.do?menuNo=900014&atchFileId=a7218c2da36327510d5bead98658756c&fileSn=3&bbsId=B0000340", "originUrl": "https://www.fss.or.kr/fine/bbs/B0000340/view.do?nttId=59664&menuNo=900014", "contentsKor": "&lt;div class='dbdata'&gt;&lt;img src='https://www.fss.or.kr/cmmn/file/imageSrc.do?fileStreCours=a18c96cfe5b5c78c7cf4af787cbbb446ece15a919db595c14a79f680fc99d630&streFileNm=5ddbbac5837778dcfb7e374042b3eb7f95d271c3bfb9362b382b2c407467ff0a13e27cc0df58d0800d2b142a2917067e' alt='' style='width: 670px;'/&gt;&lt;/div&gt;&lt;div class='dbdata'&gt;&lt;img src='https://www.fss.or.kr/cmmn/file/imageSrc.do?fileStreCours=a18c96cfe5b5c78c7cf4af787cbbb446ece15a919db595c14a79f680fc99d630&streFileNm=6204c584eaa74915628112b068891704a4938f3bb8c4642c7c761509465e1f0213e27cc0df58d0800d2b142a2917067e' alt='' style='width: 670px;'/&gt;&lt;/div&gt;&lt;div class='dbdata'&gt;&lt;img src='https://www.fss.or.kr/cmmn/file/imageSrc.do?fileStreCours=a18c96cfe5b5c78c7cf4af787cbbb446ece15a919db595c14a79f680fc99d630&streFileNm=278589cff47487b48ed23ea5b5d83a241f0482a9782ca645597e5e41ca35533113e27cc0df58d0800d2b142a2917067e' alt='' style='width: 670px;'/&gt;&lt;/div&gt;&lt;div class='dbdata'&gt;&lt;img src='https://www.fss.or.kr/cmmn/file/imageSrc.do?fileStreCours=a18c96cfe5b5c78c7cf4af787cbbb446ece15a919db595c14a79f680fc99d630&streFileNm=96d3240a07ec80c784991a8cf395cb66558df7291d52dc417a5de3a52f2119eb13e27cc0df58d0800d2b142a2917067e' alt='' style='width: 670px;'/&gt;&lt;/div&gt;&lt;div class='dbdata'&gt;&lt;img src='https://www.fss.or.kr/cmmn/file/imageSrc.do?fileStreCours=a18c96cfe5b5c78c7cf4af787cbbb446ece15a919db595c14a79f680fc99d630&streFileNm=8c9effac80ae06148d9218b1ff23cedc3cdf994968d2ccfa5c1c6f664c29fe5d13e27cc0df58d0800d2b142a2917067e' alt='' style='width: 670px;'/&gt;&lt;/div&gt;&lt;div class='dbdata'&gt;&lt;img src='https://www.fss.or.kr/cmmn/file/imageSrc.do?fileStreCours=a18c96cfe5b5c78c7cf4af787cbbb446ece15a919db595c14a79f680fc99d630&streFileNm=5f5e7af0a08153ee1dd464f6146b37d26ad36a749e65864f6a73fee37036f75b13e27cc0df58d0800d2b142a2917067e' alt='' style='width: 670px;'/&gt;&lt;/div&gt;&lt;div class='dbdata'&gt;&lt;img src='https://www.fss.or.kr/cmmn/file/imageSrc.do?fileStreCours=a18c96cfe5b5c78c7cf4af787cbbb446ece15a919db595c14a79f680fc99d630&streFileNm=4bfc6845068922054561667a727a38768c0b7d44587e85651c54b43706a8cded13e27cc0df58d0800d2b142a2917067e' alt='' style='width: 670px;'/&gt;&lt;/div&gt;&lt;div class='dbdata'&gt;&lt;img src='https://www.fss.or.kr/cmmn/file/imageSrc.do?fileStreCours=a18c96cfe5b5c78c7cf4af787cbbb446ece15a919db595c14a79f680fc99d630&streFileNm=39fb541cd5bc80caaf6c34a14ef19a29b6a00ac0604d13dfb48d52131177111e13e27cc0df58d0800d2b142a2917067e' alt='' style='width: 670px;'/&gt;&lt;/div&gt;&lt;div class='dbdata'&gt;&lt;img src='https://www.fss.or.kr/cmmn/file/imageSrc.do?fileStreCours=a18c96cfe5b5c78c7cf4af787cbbb446ece15a919db595c14a79f680fc99d630&streFileNm=b459178613cb09b93af173455a355e379cfd46a98bab48624de57ba0ac27e92a13e27cc0df58d0800d2b142a2917067e' alt='' style='width: 670px;'/&gt;&lt;/div&gt;&lt;div class='dbdata'&gt;&lt;img src='https://www.fss.or.kr/cmmn/file/imageSrc.do?fileStreCours=a18c96cfe5b5c78c7cf4af787cbbb446ece15a919db595c14a79f680fc99d630&streFileNm=38ed850c056b3ecc4b28c61e18a69ede17d362c57474c374bd88bcbc8108ffb713e27cc0df58d0800d2b142a2917067e' alt='' style='width: 670px;'/&gt;&lt;/div&gt;"}}, {"model": "news.tips", "pk": 14, "fields": {"contentId": "59663", "subject": "퇴직연금 가입자가 알아야 할 권리", "atchfileNm": "221027 (보도참고) 조간_[금융꿀팁 200선] 퇴직연금 가입자가 알아야 할 권리.hwp|NEWSIS_금융꿀팁133_언론기사.pdf|이데일리_금융꿀팁133_언론기사.pdf", "temp1": "공통", "atchfileUrl": "https://www.fss.or.kr/fss/cmmn/file/fileDown.do?menuNo=900014&atchFileId=8ee603ab4d71138a9ab9131176ecd8b8&fileSn=1&bbsId=B0000340|https://www.fss.or.kr/fss/cmmn/file/fileDown.do?menuNo=900014&atchFileId=8ee603ab4d71138a9ab9131176ecd8b8&fileSn=2&bbsId=B0000340|https://www.fss.or.kr/fss/cmmn/file/fileDown.do?menuNo=900014&atchFileId=8ee603ab4d71138a9ab9131176ecd8b8&fileSn=3&bbsId=B0000340", "originUrl": "https://www.fss.or.kr/fine/bbs/B0000340/view.do?nttId=59663&menuNo=900014", "contentsKor": "&lt;div class='dbdata'&gt;&lt;img src='https://www.fss.or.kr/cmmn/file/imageSrc.do?fileStreCours=a18c96cfe5b5c78c7cf4af787cbbb446ea5fb1b5b70238c15f57d746e8342c99&streFileNm=f9e485688b2e9f749703989721666f01012fa30906cad4a864673f687101395413e27cc0df58d0800d2b142a2917067e' alt='퇴직연금 가입자가 알아야 할 권리' style='width: 670px;'/&gt;&lt;/div&gt;&lt;div class='dbdata'&gt;&lt;img src='https://www.fss.or.kr/cmmn/file/imageSrc.do?fileStreCours=a18c96cfe5b5c78c7cf4af787cbbb446ea5fb1b5b70238c15f57d746e8342c99&streFileNm=ac53763c9a1a79b561236fb9ca9f5a76847c02a60aad81aac7b32076945adcdb13e27cc0df58d0800d2b142a2917067e' alt='' style='width: 670px;'/&gt;&lt;/div&gt;&lt;div class='dbdata'&gt;&lt;img src='https://www.fss.or.kr/cmmn/file/imageSrc.do?fileStreCours=a18c96cfe5b5c78c7cf4af787cbbb446ea5fb1b5b70238c15f57d746e8342c99&streFileNm=bf907a0f2c4027c10f633bea1519622f70ff57b2b74927ef34c9b5ba3b957a9e13e27cc0df58d0800d2b142a2917067e' alt='' style='width: 670px;'/&gt;&lt;/div&gt;&lt;div class='dbdata'&gt;&lt;img src='https://www.fss.or.kr/cmmn/file/imageSrc.do?fileStreCours=a18c96cfe5b5c78c7cf4af787cbbb446ea5fb1b5b70238c15f57d746e8342c99&streFileNm=501b56c6b97e0ebba78489c82c9782d8ffabccb1bb73e91f833aa6cfea33d7ae13e27cc0df58d0800d2b142a2917067e' alt='' style='width: 670px;'/&gt;&lt;/div&gt;&lt;div class='dbdata'&gt;&lt;img src='https://www.fss.or.kr/cmmn/file/imageSrc.do?fileStreCours=a18c96cfe5b5c78c7cf4af787cbbb446ea5fb1b5b70238c15f57d746e8342c99&streFileNm=0201a6317dd6fb84810bbba14dc7e22a8fd0628f54a86c65c680aeeeb62513a113e27cc0df58d0800d2b142a2917067e' alt='' style='width: 670px;'/&gt;&lt;/div&gt;&lt;div class='dbdata'&gt;&lt;img src='https://www.fss.or.kr/cmmn/file/imageSrc.do?fileStreCours=a18c96cfe5b5c78c7cf4af787cbbb446ea5fb1b5b70238c15f57d746e8342c99&streFileNm=ee594e0ad9b062028fa34217266c6fd48ea12386b74cc4652d8a9611d8801ea613e27cc0df58d0800d2b142a2917067e' alt='' style='width: 670px;'/&gt;&lt;/div&gt;&lt;div class='dbdata'&gt;&lt;img src='https://www.fss.or.kr/cmmn/file/imageSrc.do?fileStreCours=a18c96cfe5b5c78c7cf4af787cbbb446ea5fb1b5b70238c15f57d746e8342c99&streFileNm=190674a5e36f7aeb63a861f2d5198e0d7a81fa741fac74d28d7d53688287180a13e27cc0df58d0800d2b142a2917067e' alt='' style='width: 670px;'/&gt;&lt;/div&gt;&lt;div class='dbdata'&gt;&lt;img src='https://www.fss.or.kr/cmmn/file/imageSrc.do?fileStreCours=a18c96cfe5b5c78c7cf4af787cbbb446ea5fb1b5b70238c15f57d746e8342c99&streFileNm=5ce8443d0aa951222785577b8eb7832520777fd3169b68e322ad8c7810f1727913e27cc0df58d0800d2b142a2917067e' alt='' style='width: 670px;'/&gt;&lt;/div&gt;&lt;div class='dbdata'&gt;&lt;img src='https://www.fss.or.kr/cmmn/file/imageSrc.do?fileStreCours=a18c96cfe5b5c78c7cf4af787cbbb446ea5fb1b5b70238c15f57d746e8342c99&streFileNm=ffe41635c644583e5fb0ace60c908abe6afa9830c1ff0cf2ebf8521da059a05c13e27cc0df58d0800d2b142a2917067e' alt='' style='width: 670px;'/&gt;&lt;/div&gt;&lt;div class='dbdata'&gt;&lt;img src='https://www.fss.or.kr/cmmn/file/imageSrc.do?fileStreCours=a18c96cfe5b5c78c7cf4af787cbbb446ea5fb1b5b70238c15f57d746e8342c99&streFileNm=edaa93966fe49a15749ba1ed1b9ae95912cd955d5c14a8d064fafaaf1ea1ce5113e27cc0df58d0800d2b142a2917067e' alt='' style='width: 670px;'/&gt;&lt;/div&gt;&lt;div class='dbdata'&gt;&lt;img src='https://www.fss.or.kr/cmmn/file/imageSrc.do?fileStreCours=a18c96cfe5b5c78c7cf4af787cbbb446ea5fb1b5b70238c15f57d746e8342c99&streFileNm=cbca328c9a0e5666b9e938b93dc4fec7d7e801f9bfff5e8a8a0cfa1989a14d1213e27cc0df58d0800d2b142a2917067e' alt='' style='width: 670px;'/&gt;&lt;/div&gt;&lt;div class='dbdata'&gt;&lt;img src='https://www.fss.or.kr/cmmn/file/imageSrc.do?fileStreCours=a18c96cfe5b5c78c7cf4af787cbbb446ea5fb1b5b70238c15f57d746e8342c99&streFileNm=65eadc27382f1ce9b20e100e934e5281941603b07fe083a8dcd9afecf6b68fe313e27cc0df58d0800d2b142a2917067e' alt='' style='width: 670px;'/&gt;&lt;/div&gt;&lt;div class='dbdata'&gt;&lt;img src='https://www.fss.or.kr/cmmn/file/imageSrc.do?fileStreCours=a18c96cfe5b5c78c7cf4af787cbbb446ea5fb1b5b70238c15f57d746e8342c99&streFileNm=2e626e6edda53553b8761436123f6c76fdbe59e95f63885d58fdd6b5843f998713e27cc0df58d0800d2b142a2917067e' alt='' style='width: 670px;'/&gt;&lt;/div&gt;"}}, {"model": "news.tips", "pk": 15, "fields": {"contentId": "59662", "subject": "자영업자·소상공인 사장님! 언제든지 무료 경영컨설팅 받아보세요.", "atchfileNm": "221014 (보도자료) 조간_[금융꿀팁 200선] 자영업자 소상공인 사장님! 언제든지 무료 경영컨설팅 받아보세요..hwp|금융꿀팁 언론기사_132_서울경제.pdf|금융꿀팁 언론기사_132_뉴스1.pdf", "temp1": "서민.중소금융", "atchfileUrl": "https://www.fss.or.kr/fss/cmmn/file/fileDown.do?menuNo=900014&atchFileId=3b5c94006cedb73dad1726a6429a4dd1&fileSn=1&bbsId=B0000340|https://www.fss.or.kr/fss/cmmn/file/fileDown.do?menuNo=900014&atchFileId=3b5c94006cedb73dad1726a6429a4dd1&fileSn=2&bbsId=B0000340|https://www.fss.or.kr/fss/cmmn/file/fileDown.do?menuNo=900014&atchFileId=3b5c94006cedb73dad1726a6429a4dd1&fileSn=3&bbsId=B0000340", "originUrl": "https://www.fss.or.kr/fine/bbs/B0000340/view.do?nttId=59662&menuNo=900014", "contentsKor": "&lt;div class='dbdata'&gt;&lt;img src='https://www.fss.or.kr/cmmn/file/imageSrc.do?fileStreCours=a18c96cfe5b5c78c7cf4af787cbbb4466b3d047b5b30da91627dc5dd43ce784c&streFileNm=193ce0a5fb24d57c07b1b305de5450778551f0b8c92f785cb96c4a26b67ddd7c13e27cc0df58d0800d2b142a2917067e' alt='' style='width: 670px;'/&gt;&lt;/div&gt;&lt;div class='dbdata'&gt;&lt;img src='https://www.fss.or.kr/cmmn/file/imageSrc.do?fileStreCours=a18c96cfe5b5c78c7cf4af787cbbb4466b3d047b5b30da91627dc5dd43ce784c&streFileNm=4f2271582ea4b1024eb140544b18b8d2d009f0aa5a40121806ec6cde1c22695a13e27cc0df58d0800d2b142a2917067e' alt='' style='width: 670px;'/&gt;&lt;/div&gt;&lt;div class='dbdata'&gt;&lt;img src='https://www.fss.or.kr/cmmn/file/imageSrc.do?fileStreCours=a18c96cfe5b5c78c7cf4af787cbbb4466b3d047b5b30da91627dc5dd43ce784c&streFileNm=23c7e041aa33c53c1efc1ffd4564a3439dc8a9f54bdea9c9a984a64351ed894113e27cc0df58d0800d2b142a2917067e' alt='' style='width: 670px;'/&gt;&lt;/div&gt;&lt;div class='dbdata'&gt;&lt;img src='https://www.fss.or.kr/cmmn/file/imageSrc.do?fileStreCours=a18c96cfe5b5c78c7cf4af787cbbb4466b3d047b5b30da91627dc5dd43ce784c&streFileNm=c6ce04844bc69be868538e2e46a955f7a5808962c8711728a4102e3d758ef72f13e27cc0df58d0800d2b142a2917067e' alt='' style='width: 670px;'/&gt;&lt;/div&gt;&lt;div class='dbdata'&gt;&lt;img src='https://www.fss.or.kr/cmmn/file/imageSrc.do?fileStreCours=a18c96cfe5b5c78c7cf4af787cbbb4466b3d047b5b30da91627dc5dd43ce784c&streFileNm=b327d2101228bc5466bc68388abb983548c2ceb77d78f326bd933e262f2df21513e27cc0df58d0800d2b142a2917067e' alt='' style='width: 670px;'/&gt;&lt;/div&gt;&lt;div class='dbdata'&gt;&lt;img src='https://www.fss.or.kr/cmmn/file/imageSrc.do?fileStreCours=a18c96cfe5b5c78c7cf4af787cbbb4466b3d047b5b30da91627dc5dd43ce784c&streFileNm=b643cf1fbefb2aebd70b0c4d390e76ea5e429fc1cd149ae18efeb28798ac05d213e27cc0df58d0800d2b142a2917067e' alt='' style='width: 670px;'/&gt;&lt;/div&gt;&lt;div class='dbdata'&gt;&lt;img src='https://www.fss.or.kr/cmmn/file/imageSrc.do?fileStreCours=a18c96cfe5b5c78c7cf4af787cbbb4466b3d047b5b30da91627dc5dd43ce784c&streFileNm=c7af3efcff17f70d4fd62d1a4695c677ed7a421ccfa1b655943ec8dbb9ec065d13e27cc0df58d0800d2b142a2917067e' alt='' style='width: 670px;'/&gt;&lt;/div&gt;&lt;div class='dbdata'&gt;&lt;img src='https://www.fss.or.kr/cmmn/file/imageSrc.do?fileStreCours=a18c96cfe5b5c78c7cf4af787cbbb4466b3d047b5b30da91627dc5dd43ce784c&streFileNm=1f99df3156a9b4ecb7ba61315cc6424b07894280c139c4f4f8f08cc87f16f1aa13e27cc0df58d0800d2b142a2917067e' alt='' style='width: 670px;'/&gt;&lt;/div&gt;&lt;div class='dbdata'&gt;&lt;img src='https://www.fss.or.kr/cmmn/file/imageSrc.do?fileStreCours=a18c96cfe5b5c78c7cf4af787cbbb4466b3d047b5b30da91627dc5dd43ce784c&streFileNm=cb7d9df359f99ecc0571b0b532fd121ad768aec62b2e8a591248062ff0e8d30b13e27cc0df58d0800d2b142a2917067e' alt='' style='width: 670px;'/&gt;&lt;/div&gt;&lt;div class='dbdata'&gt;&lt;img src='https://www.fss.or.kr/cmmn/file/imageSrc.do?fileStreCours=a18c96cfe5b5c78c7cf4af787cbbb4466b3d047b5b30da91627dc5dd43ce784c&streFileNm=e6bedaade5fae2cce0df3d91b331d47afde591b57c005bb2b2c1df6666d5883113e27cc0df58d0800d2b142a2917067e' alt='' style='width: 670px;'/&gt;&lt;/div&gt;&lt;div class='dbdata'&gt;&lt;img src='https://www.fss.or.kr/cmmn/file/imageSrc.do?fileStreCours=a18c96cfe5b5c78c7cf4af787cbbb4466b3d047b5b30da91627dc5dd43ce784c&streFileNm=73136ef3db8a824a2b237ba0c639db604bf6fd512601fa6ce35628d11ee25a4113e27cc0df58d0800d2b142a2917067e' alt='' style='width: 670px;'/&gt;&lt;/div&gt;&lt;div class='dbdata'&gt;&lt;img src='https://www.fss.or.kr/cmmn/file/imageSrc.do?fileStreCours=a18c96cfe5b5c78c7cf4af787cbbb4466b3d047b5b30da91627dc5dd43ce784c&streFileNm=e3df369f774ed984652669f4e3681d63f332e972aff294e40c7233ce2c13844613e27cc0df58d0800d2b142a2917067e' alt='' style='width: 670px;'/&gt;&lt;/div&gt;&lt;div class='dbdata'&gt;&lt;img src='https://www.fss.or.kr/cmmn/file/imageSrc.do?fileStreCours=a18c96cfe5b5c78c7cf4af787cbbb4466b3d047b5b30da91627dc5dd43ce784c&streFileNm=59898a18962777ce8dd4d67c6d07183c5b5db245acd5297eec70bbeaea77ce2013e27cc0df58d0800d2b142a2917067e' alt='' style='width: 670px;'/&gt;&lt;/div&gt;&lt;div class='dbdata'&gt;&lt;img src='https://www.fss.or.kr/cmmn/file/imageSrc.do?fileStreCours=a18c96cfe5b5c78c7cf4af787cbbb4466b3d047b5b30da91627dc5dd43ce784c&streFileNm=d40fdcc683e554b0a4fc473896ac8c5618ed3fb08deb5fc2c6d95cdd941f0a3c13e27cc0df58d0800d2b142a2917067e' alt='' style='width: 670px;'/&gt;&lt;/div&gt;&lt;div class='dbdata'&gt;&lt;img src='https://www.fss.or.kr/cmmn/file/imageSrc.do?fileStreCours=a18c96cfe5b5c78c7cf4af787cbbb4466b3d047b5b30da91627dc5dd43ce784c&streFileNm=d584fbf472927a15d927245f5da253045854c932fe057e7342ca6ee071ee242113e27cc0df58d0800d2b142a2917067e' alt='' style='width: 670px;'/&gt;&lt;/div&gt;&lt;div class='dbdata'&gt;&lt;img src='https://www.fss.or.kr/cmmn/file/imageSrc.do?fileStreCours=a18c96cfe5b5c78c7cf4af787cbbb4466b3d047b5b30da91627dc5dd43ce784c&streFileNm=88b7a7f7c85dff54743202571f0b4c643058ff8116ba3af129fde3602306dce713e27cc0df58d0800d2b142a2917067e' alt='' style='width: 670px;'/&gt;&lt;/div&gt;&lt;div class='dbdata'&gt;&lt;img src='https://www.fss.or.kr/cmmn/file/imageSrc.do?fileStreCours=a18c96cfe5b5c78c7cf4af787cbbb4466b3d047b5b30da91627dc5dd43ce784c&streFileNm=6bdb64ea5fc400ff8f507e0181d635c700c776d87ac84991ed8e0e94d4b25ca913e27cc0df58d0800d2b142a2917067e' alt='' style='width: 670px;'/&gt;&lt;/div&gt;"}}, {"model": "news.tips", "pk": 16, "fields": {"contentId": "59661", "subject": "사례로 알아보는 불법채권추심 대응방법", "atchfileNm": "220930 (보도자료) 조간_[금융꿀팁 200선] 사례로 알아보는 불법채권추심 대응방법.hwp|금융꿀팁 언론기사_131_연합뉴스.pdf", "temp1": "공통", "atchfileUrl": "https://www.fss.or.kr/fss/cmmn/file/fileDown.do?menuNo=900014&atchFileId=67a310c2d5820b53ab93e9470b75841b&fileSn=1&bbsId=B0000340|https://www.fss.or.kr/fss/cmmn/file/fileDown.do?menuNo=900014&atchFileId=67a310c2d5820b53ab93e9470b75841b&fileSn=2&bbsId=B0000340", "originUrl": "https://www.fss.or.kr/fine/bbs/B0000340/view.do?nttId=59661&menuNo=900014", "contentsKor": "&lt;div class='dbdata'&gt;&lt;img src='https://www.fss.or.kr/cmmn/file/imageSrc.do?fileStreCours=a18c96cfe5b5c78c7cf4af787cbbb4466b3d047b5b30da91627dc5dd43ce784c&streFileNm=ce7358c742dd147f8dca374509e594874036fd7f478c7aedb0c00082e1ff536013e27cc0df58d0800d2b142a2917067e' alt='' style='width: 670px;'/&gt;&lt;/div&gt;&lt;div class='dbdata'&gt;&lt;img src='https://www.fss.or.kr/cmmn/file/imageSrc.do?fileStreCours=a18c96cfe5b5c78c7cf4af787cbbb4466b3d047b5b30da91627dc5dd43ce784c&streFileNm=27b7b19a5fd0c456c34188e1dd38950ae04e0337cf8c7ff189b6e0c358465ad413e27cc0df58d0800d2b142a2917067e' alt='' style='width: 670px;'/&gt;&lt;/div&gt;&lt;div class='dbdata'&gt;&lt;img src='https://www.fss.or.kr/cmmn/file/imageSrc.do?fileStreCours=a18c96cfe5b5c78c7cf4af787cbbb4466b3d047b5b30da91627dc5dd43ce784c&streFileNm=9ef6fec3ab261c6e93204cd0d0cd47322f10587f1c9fcec975138efedc77a5a513e27cc0df58d0800d2b142a2917067e' alt='' style='width: 670px;'/&gt;&lt;/div&gt;&lt;div class='dbdata'&gt;&lt;img src='https://www.fss.or.kr/cmmn/file/imageSrc.do?fileStreCours=a18c96cfe5b5c78c7cf4af787cbbb4466b3d047b5b30da91627dc5dd43ce784c&streFileNm=3d9343edc70de7447294e50669668a4c6128c93fce3637ded2ac15de0b5eeaed13e27cc0df58d0800d2b142a2917067e' alt='' style='width: 670px;'/&gt;&lt;/div&gt;&lt;div class='dbdata'&gt;&lt;img src='https://www.fss.or.kr/cmmn/file/imageSrc.do?fileStreCours=a18c96cfe5b5c78c7cf4af787cbbb4466b3d047b5b30da91627dc5dd43ce784c&streFileNm=c20552dab65ad96455393bfe6f934a3a670052bd1b3181d9b47306633ef747ac13e27cc0df58d0800d2b142a2917067e' alt='' style='width: 670px;'/&gt;&lt;/div&gt;&lt;div class='dbdata'&gt;&lt;img src='https://www.fss.or.kr/cmmn/file/imageSrc.do?fileStreCours=a18c96cfe5b5c78c7cf4af787cbbb4466b3d047b5b30da91627dc5dd43ce784c&streFileNm=50f210697424d3795b54a5058877bc64a848b9ca301286cd1c2af02bab45801b13e27cc0df58d0800d2b142a2917067e' alt='' style='width: 670px;'/&gt;&lt;/div&gt;&lt;div class='dbdata'&gt;&lt;img src='https://www.fss.or.kr/cmmn/file/imageSrc.do?fileStreCours=a18c96cfe5b5c78c7cf4af787cbbb4466b3d047b5b30da91627dc5dd43ce784c&streFileNm=4a8484cb08a9d5c8ec758d17a94481bc9a141ea5f6669d0736e3189d6f40bb1013e27cc0df58d0800d2b142a2917067e' alt='' style='width: 670px;'/&gt;&lt;/div&gt;&lt;div class='dbdata'&gt;&lt;img src='https://www.fss.or.kr/cmmn/file/imageSrc.do?fileStreCours=a18c96cfe5b5c78c7cf4af787cbbb4466b3d047b5b30da91627dc5dd43ce784c&streFileNm=7094f17f3875a15ebda9781a95fc22f9abd82cc590625d4dd01912f937cf050013e27cc0df58d0800d2b142a2917067e' alt='' style='width: 670px;'/&gt;&lt;/div&gt;&lt;div class='dbdata'&gt;&lt;img src='https://www.fss.or.kr/cmmn/file/imageSrc.do?fileStreCours=a18c96cfe5b5c78c7cf4af787cbbb4466b3d047b5b30da91627dc5dd43ce784c&streFileNm=38b135d58b4f09c143c63bebac2c2ea358bd6e0d767c7afcc526306cd3b1830413e27cc0df58d0800d2b142a2917067e' alt='' style='width: 670px;'/&gt;&lt;/div&gt;&lt;div class='dbdata'&gt;&lt;img src='https://www.fss.or.kr/cmmn/file/imageSrc.do?fileStreCours=a18c96cfe5b5c78c7cf4af787cbbb4466b3d047b5b30da91627dc5dd43ce784c&streFileNm=91540ff89ae7e0315329a231347a779f43f64cb324406073a2a91415b0038a8213e27cc0df58d0800d2b142a2917067e' alt='' style='width: 670px;'/&gt;&lt;/div&gt;"}}, {"model": "news.tips", "pk": 17, "fields": {"contentId": "59660", "subject": "마이데이터 서비스 및 온라인 대출상품 비교&#8231;추천 서비스 가입&#8231;활용시 다음 사항을 꼭 한 번 확인하세요", "atchfileNm": "220929 (보도자료) 조간_[금융꿀팁 200선] 마이데이터 서비스 및 온라인 대출상품 비교,추천 서비스 가입,활용시 다음 사항을 꼭 한 번 확인하세요..hwp|금융꿀팁 언론기사_130_KBS.pdf|금융꿀팁 언론기사_130_이데일리.pdf", "temp1": "금융소비자보호", "atchfileUrl": "https://www.fss.or.kr/fss/cmmn/file/fileDown.do?menuNo=900014&atchFileId=4179d12d5b12a96d203cce1e3e4c7712&fileSn=1&bbsId=B0000340|https://www.fss.or.kr/fss/cmmn/file/fileDown.do?menuNo=900014&atchFileId=4179d12d5b12a96d203cce1e3e4c7712&fileSn=2&bbsId=B0000340|https://www.fss.or.kr/fss/cmmn/file/fileDown.do?menuNo=900014&atchFileId=4179d12d5b12a96d203cce1e3e4c7712&fileSn=3&bbsId=B0000340", "originUrl": "https://www.fss.or.kr/fine/bbs/B0000340/view.do?nttId=59660&menuNo=900014", "contentsKor": "&lt;div class='dbdata'&gt;&lt;img src='https://www.fss.or.kr/cmmn/file/imageSrc.do?fileStreCours=a18c96cfe5b5c78c7cf4af787cbbb4466b3d047b5b30da91627dc5dd43ce784c&streFileNm=f0c793b206960b1be97cb9c125b915841eccd6a09de75da12f9229fe1863a8ef13e27cc0df58d0800d2b142a2917067e' alt='' style='width: 670px;'/&gt;&lt;/div&gt;&lt;div class='dbdata'&gt;&lt;img src='https://www.fss.or.kr/cmmn/file/imageSrc.do?fileStreCours=a18c96cfe5b5c78c7cf4af787cbbb4466b3d047b5b30da91627dc5dd43ce784c&streFileNm=9c5ffc482de00ed844bde3b2eb5ba05bd43444a904a073da1139c06c7c61218113e27cc0df58d0800d2b142a2917067e' alt='' style='width: 670px;'/&gt;&lt;/div&gt;&lt;div class='dbdata'&gt;&lt;img src='https://www.fss.or.kr/cmmn/file/imageSrc.do?fileStreCours=a18c96cfe5b5c78c7cf4af787cbbb4466b3d047b5b30da91627dc5dd43ce784c&streFileNm=d086272899c0490ee9d67ecec41f6d4ad4595b5ef1940c2bb8637522fcb6db9113e27cc0df58d0800d2b142a2917067e' alt='' style='width: 670px;'/&gt;&lt;/div&gt;&lt;div class='dbdata'&gt;&lt;img src='https://www.fss.or.kr/cmmn/file/imageSrc.do?fileStreCours=a18c96cfe5b5c78c7cf4af787cbbb4466b3d047b5b30da91627dc5dd43ce784c&streFileNm=ad01b2080c34884ae52572024b1529933a2c94c020b75898b93f6a37d77998a813e27cc0df58d0800d2b142a2917067e' alt='' style='width: 670px;'/&gt;&lt;/div&gt;&lt;div class='dbdata'&gt;&lt;img src='https://www.fss.or.kr/cmmn/file/imageSrc.do?fileStreCours=a18c96cfe5b5c78c7cf4af787cbbb4466b3d047b5b30da91627dc5dd43ce784c&streFileNm=99cf5e2b98a0aeb1970672f09ccb90e4bdb77d0b9f9ec945aeb003a65237a54d13e27cc0df58d0800d2b142a2917067e' alt='' style='width: 670px;'/&gt;&lt;/div&gt;&lt;div class='dbdata'&gt;&lt;img src='https://www.fss.or.kr/cmmn/file/imageSrc.do?fileStreCours=a18c96cfe5b5c78c7cf4af787cbbb4466b3d047b5b30da91627dc5dd43ce784c&streFileNm=a545fe621496b07b119c33e1af1b330823b896ffd4c91baad2cea35f8426366213e27cc0df58d0800d2b142a2917067e' alt='' style='width: 670px;'/&gt;&lt;/div&gt;&lt;div class='dbdata'&gt;&lt;img src='https://www.fss.or.kr/cmmn/file/imageSrc.do?fileStreCours=a18c96cfe5b5c78c7cf4af787cbbb4466b3d047b5b30da91627dc5dd43ce784c&streFileNm=330d95b93bdbbfa1b816e7c6a46653e711726061d0246fc018cf1e13805e089713e27cc0df58d0800d2b142a2917067e' alt='' style='width: 670px;'/&gt;&lt;/div&gt;&lt;div class='dbdata'&gt;&lt;img src='https://www.fss.or.kr/cmmn/file/imageSrc.do?fileStreCours=a18c96cfe5b5c78c7cf4af787cbbb4466b3d047b5b30da91627dc5dd43ce784c&streFileNm=57f1b492abe1bb0bd00a318dce533eb61ba8bce789e70f26b7b5316f6b4d24bc13e27cc0df58d0800d2b142a2917067e' alt='' style='width: 670px;'/&gt;&lt;/div&gt;&lt;div class='dbdata'&gt;&lt;img src='https://www.fss.or.kr/cmmn/file/imageSrc.do?fileStreCours=a18c96cfe5b5c78c7cf4af787cbbb4466b3d047b5b30da91627dc5dd43ce784c&streFileNm=413316c21515bfa1b5eb0349c6e2854cae47e3e5a94c7a4c1dc6634d41a0153f13e27cc0df58d0800d2b142a2917067e' alt='' style='width: 670px;'/&gt;&lt;/div&gt;&lt;div class='dbdata'&gt;&lt;img src='https://www.fss.or.kr/cmmn/file/imageSrc.do?fileStreCours=a18c96cfe5b5c78c7cf4af787cbbb4466b3d047b5b30da91627dc5dd43ce784c&streFileNm=8a55f91a33a3a8a1e2f7c53d12758d90e02f3f918fc4a0de3cff830640ffcb9813e27cc0df58d0800d2b142a2917067e' alt='' style='width: 670px;'/&gt;&lt;/div&gt;&lt;div class='dbdata'&gt;&lt;img src='https://www.fss.or.kr/cmmn/file/imageSrc.do?fileStreCours=a18c96cfe5b5c78c7cf4af787cbbb4466b3d047b5b30da91627dc5dd43ce784c&streFileNm=87dd81d1abc7b02b987f4cefd63f97c2b63d75348317bbc46f2e53d78563b12413e27cc0df58d0800d2b142a2917067e' alt='' style='width: 670px;'/&gt;&lt;/div&gt;&lt;div class='dbdata'&gt;&lt;img src='https://www.fss.or.kr/cmmn/file/imageSrc.do?fileStreCours=a18c96cfe5b5c78c7cf4af787cbbb4466b3d047b5b30da91627dc5dd43ce784c&streFileNm=d679de330438000ff97cdf1baf48264d89b0f7d9fff94b6017473faa7aa607b513e27cc0df58d0800d2b142a2917067e' alt='' style='width: 670px;'/&gt;&lt;/div&gt;"}}, {"model": "news.tips", "pk": 18, "fields": {"contentId": "59659", "subject": "금리상승기, 대출연장시 유의사항 안내", "atchfileNm": "220908 (보도자료) 조간_[금융꿀팁 200선] 금리상승기에 대출연장시 유의사항1.hwp|금융꿀팁 129_언론보도_이데일리1.pdf", "temp1": "금융소비자보호", "atchfileUrl": "https://www.fss.or.kr/fss/cmmn/file/fileDown.do?menuNo=900014&atchFileId=d487cc32386b0739b2d23ceb5acc2938&fileSn=1&bbsId=B0000340|https://www.fss.or.kr/fss/cmmn/file/fileDown.do?menuNo=900014&atchFileId=d487cc32386b0739b2d23ceb5acc2938&fileSn=2&bbsId=B0000340", "originUrl": "https://www.fss.or.kr/fine/bbs/B0000340/view.do?nttId=59659&menuNo=900014", "contentsKor": "&lt;div class='dbdata'&gt;&lt;img src='https://www.fss.or.kr/cmmn/file/imageSrc.do?fileStreCours=a18c96cfe5b5c78c7cf4af787cbbb446353c1e2b4f551e80b25f78a775bce4ce&streFileNm=b01ae17d72a38de7cff4fc6d93630db10c55b6e9046b4641559f7ce74359fea913e27cc0df58d0800d2b142a2917067e' alt='' style='width: 670px;'/&gt;&lt;/div&gt;&lt;div class='dbdata'&gt;&lt;img src='https://www.fss.or.kr/cmmn/file/imageSrc.do?fileStreCours=a18c96cfe5b5c78c7cf4af787cbbb446353c1e2b4f551e80b25f78a775bce4ce&streFileNm=088ff0ac97195bd4a9bc6ed7508b8da0a025c6fafd81464e3dbb96a9fb5324af13e27cc0df58d0800d2b142a2917067e' alt='' style='width: 670px;'/&gt;&lt;/div&gt;&lt;div class='dbdata'&gt;&lt;img src='https://www.fss.or.kr/cmmn/file/imageSrc.do?fileStreCours=a18c96cfe5b5c78c7cf4af787cbbb446353c1e2b4f551e80b25f78a775bce4ce&streFileNm=4203f10433181c91cfc3bb5d923dcfb41b4408debf27739105e361123ba054e013e27cc0df58d0800d2b142a2917067e' alt='' style='width: 670px;'/&gt;&lt;/div&gt;&lt;div class='dbdata'&gt;&lt;img src='https://www.fss.or.kr/cmmn/file/imageSrc.do?fileStreCours=a18c96cfe5b5c78c7cf4af787cbbb446353c1e2b4f551e80b25f78a775bce4ce&streFileNm=0bf8d503a486d760248aedd287ea552d42bda30c59bfe3bc619d1279e9badf7613e27cc0df58d0800d2b142a2917067e' alt='' style='width: 670px;'/&gt;&lt;/div&gt;&lt;div class='dbdata'&gt;&lt;img src='https://www.fss.or.kr/cmmn/file/imageSrc.do?fileStreCours=a18c96cfe5b5c78c7cf4af787cbbb446353c1e2b4f551e80b25f78a775bce4ce&streFileNm=be3641aa080afa2ed0a4959d44338f2cac4791ae0f67a289b0a61165ecbd82b413e27cc0df58d0800d2b142a2917067e' alt='' style='width: 670px;'/&gt;&lt;/div&gt;&lt;div class='dbdata'&gt;&lt;img src='https://www.fss.or.kr/cmmn/file/imageSrc.do?fileStreCours=a18c96cfe5b5c78c7cf4af787cbbb446353c1e2b4f551e80b25f78a775bce4ce&streFileNm=407bacf177594b4055b29a5d5c565931377f1b85fafb12a082db505bcd458d5213e27cc0df58d0800d2b142a2917067e' alt='' style='width: 670px;'/&gt;&lt;/div&gt;&lt;div class='dbdata'&gt;&lt;img src='https://www.fss.or.kr/cmmn/file/imageSrc.do?fileStreCours=a18c96cfe5b5c78c7cf4af787cbbb446353c1e2b4f551e80b25f78a775bce4ce&streFileNm=e6ee42132ad3b4deb136a692e8938b6d84f9aaf0a77875fcaf7cf7965076f9cb13e27cc0df58d0800d2b142a2917067e' alt='' style='width: 670px;'/&gt;&lt;/div&gt;&lt;div class='dbdata'&gt;&lt;img src='https://www.fss.or.kr/cmmn/file/imageSrc.do?fileStreCours=a18c96cfe5b5c78c7cf4af787cbbb446353c1e2b4f551e80b25f78a775bce4ce&streFileNm=a6c84d9c38debd876d38ec23af444ad51cb2ceae3e1c28f31481325765bfaf3b13e27cc0df58d0800d2b142a2917067e' alt='' style='width: 670px;'/&gt;&lt;/div&gt;&lt;div class='dbdata'&gt;&lt;img src='https://www.fss.or.kr/cmmn/file/imageSrc.do?fileStreCours=a18c96cfe5b5c78c7cf4af787cbbb446353c1e2b4f551e80b25f78a775bce4ce&streFileNm=2ee2ef4a683add18a96891f1f81646dde9419acdd0ddaa257b9c2453fd0c7a6613e27cc0df58d0800d2b142a2917067e' alt='' style='width: 670px;'/&gt;&lt;/div&gt;"}}]